timing_offset_samples,timing_offset_fraction_of_symbol,timing_offset_percent_of_symbol,noise_std,vector_pattern,method,frames,components,frames_passing,frame_pass_share,wilson95_lower,wilson95_upper,uncertainty_kind,empirical_mae,empirical_rmse,empirical_mean_bias,empirical_variance,theory_frame_pass_probability,abs_pass_probability_gap
-8,-0.125,-12.5,0.0,mixed_signs,existing_nominal_decoder,1,32,0,0.0,,,deterministic; no sampling interval,2.1220703125,2.434449463318786,0.0048828125,5.926520347595215,0.0,0.0
-8,-0.125,-12.5,0.0,mixed_signs,oracle_exact_timing,1,32,1,1.0,,,deterministic; no sampling interval,3.469446951953614e-17,8.326672684688674e-17,-6.938893903907228e-18,6.885199551184368e-33,1.0,0.0
-8,-0.125,-12.5,0.0,sparse_and_zeros,existing_nominal_decoder,1,32,0,0.0,,,deterministic; no sampling interval,0.416015625,1.1168050044518738,0.041015625,1.2455711364746094,0.0,0.0
-8,-0.125,-12.5,0.0,sparse_and_zeros,oracle_exact_timing,1,32,1,1.0,,,deterministic; no sampling interval,0.0,0.0,0.0,0.0,1.0,0.0
-8,-0.125,-12.5,0.0,boundary_values,existing_nominal_decoder,1,32,0,0.0,,,deterministic; no sampling interval,2.1328125,2.663088239009365,0.007812499999999972,7.09197793359375,0.0,0.0
-8,-0.125,-12.5,0.0,boundary_values,oracle_exact_timing,1,32,1,1.0,,,deterministic; no sampling interval,1.3877787807814457e-17,5.551115123125783e-17,-1.3877787807814457e-17,2.8888949165808538e-33,1.0,0.0
-8,-0.125,-12.5,0.0,randomized_1,existing_nominal_decoder,1,32,0,0.0,,,deterministic; no sampling interval,2.4275161058988406,2.6160222686131704,-0.33743701323846187,6.7297087719767035,0.0,0.0
-8,-0.125,-12.5,0.0,randomized_1,oracle_exact_timing,1,32,1,1.0,,,deterministic; no sampling interval,5.377642775528102e-17,1.0614466625631893e-16,-1.734723475976807e-18,1.1263680909127225e-32,1.0,0.0
-8,-0.125,-12.5,0.0,randomized_2,existing_nominal_decoder,1,32,0,0.0,,,deterministic; no sampling interval,2.369765843989972,2.584399182917589,0.2790154917706465,6.601269492017085,0.0,0.0
-8,-0.125,-12.5,0.0,randomized_2,oracle_exact_timing,1,32,1,1.0,,,deterministic; no sampling interval,3.122502256758253e-17,8.092071311423672e-17,-1.734723475976807e-17,6.247235257106096e-33,1.0,0.0
-8,-0.125,-12.5,0.0,randomized_3,existing_nominal_decoder,1,32,0,0.0,,,deterministic; no sampling interval,1.7420879148795807,1.990337515523803,0.12914742801197576,3.9447643675393556,0.0,0.0
-8,-0.125,-12.5,0.0,randomized_3,oracle_exact_timing,1,32,1,1.0,,,deterministic; no sampling interval,3.165870343657673e-17,9.816143974602446e-17,-2.3852447794681098e-17,9.066728987214402e-33,1.0,0.0
-8,-0.125,-12.5,0.0,POOLED_ALL_VECTORS,existing_nominal_decoder,6,192,0,0.0,,,deterministic; no sampling interval,1.8683780503780654,2.3003612632373795,0.020739474007360054,5.2912318156209714,0.0,0.0
-8,-0.125,-12.5,0.0,POOLED_ALL_VECTORS,oracle_exact_timing,6,192,6,1.0,,,deterministic; no sampling interval,2.7538735181131813e-17,7.902041503034511e-17,-1.0625181290357943e-17,6.131331514115019e-33,1.0,0.0
-8,-0.125,-12.5,0.45,mixed_signs,existing_nominal_decoder,2000,64000,0,0.0,1.0842021724855044e-19,0.001917047281252934,two-sided 95% Wilson interval; conditional on fixed vector panel and synthetic IID draws,2.121846609536408,2.4359240477379718,0.005267824763550175,5.933698216370405,0.0,0.0
-8,-0.125,-12.5,0.45,mixed_signs,oracle_exact_timing,2000,64000,1908,0.954,0.9439163444279334,0.9623429766406889,two-sided 95% Wilson interval; conditional on fixed vector panel and synthetic IID draws,0.06362041060778859,0.07962727830493035,-0.00039437255937978797,0.0063403479205352406,0.9477992034686994,0.0062007965313005675
-8,-0.125,-12.5,0.45,sparse_and_zeros,existing_nominal_decoder,2000,64000,0,0.0,1.0842021724855044e-19,0.001917047281252934,two-sided 95% Wilson interval; conditional on fixed vector panel and synthetic IID draws,0.46284389760448436,1.1198510509721789,0.04104460282895253,1.2523817169421072,0.0,0.0
-8,-0.125,-12.5,0.45,sparse_and_zeros,oracle_exact_timing,2000,64000,1887,0.9435,0.9325050206793213,0.9527945583822073,two-sided 95% Wilson interval; conditional on fixed vector panel and synthetic IID draws,0.06357678382149559,0.07976681668681054,-2.5306924299486334e-06,0.006362745037942833,0.9477992034686994,0.004299203468699386
-8,-0.125,-12.5,0.45,boundary_values,existing_nominal_decoder,2000,64000,0,0.0,1.0842021724855044e-19,0.001917047281252934,two-sided 95% Wilson interval; conditional on fixed vector panel and synthetic IID draws,2.142929838835328,2.664232350983206,0.008179276580207591,7.0980671194601275,0.0,0.0
-8,-0.125,-12.5,0.45,boundary_values,oracle_exact_timing,2000,64000,1897,0.9485,0.9379251286390549,0.9573552799496612,two-sided 95% Wilson interval; conditional on fixed vector panel and synthetic IID draws,0.06362422914769512,0.07974761935074375,-0.00035382401054804327,0.006359557600680678,0.9477992034686994,0.0007007965313006181
-8,-0.125,-12.5,0.45,randomized_1,existing_nominal_decoder,2000,64000,0,0.0,1.0842021724855044e-19,0.001917047281252934,two-sided 95% Wilson interval; conditional on fixed vector panel and synthetic IID draws,2.4272552646820724,2.6169857825405693,-0.3367845515619198,6.735190751848713,0.0,0.0
-8,-0.125,-12.5,0.45,randomized_1,oracle_exact_timing,2000,64000,1900,0.95,0.9395558910656041,0.9587187663812682,two-sided 95% Wilson interval; conditional on fixed vector panel and synthetic IID draws,0.06342598743708079,0.07954597129939645,-0.0006699691548142979,0.006327112691296001,0.9477992034686994,0.002200796531300564
-8,-0.125,-12.5,0.45,randomized_2,existing_nominal_decoder,2000,64000,0,0.0,1.0842021724855044e-19,0.001917047281252934,two-sided 95% Wilson interval; conditional on fixed vector panel and synthetic IID draws,2.3694068933102117,2.585315074790822,0.2793465657234015,6.605819532159216,0.0,0.0
-8,-0.125,-12.5,0.45,randomized_2,oracle_exact_timing,2000,64000,1906,0.953,0.9428245575283534,0.9614385976348314,two-sided 95% Wilson interval; conditional on fixed vector panel and synthetic IID draws,0.06317153471967082,0.07921701152534208,-0.00030332086612853715,0.006275242911458351,0.9477992034686994,0.005200796531300567
-8,-0.125,-12.5,0.45,randomized_3,existing_nominal_decoder,2000,64000,0,0.0,1.0842021724855044e-19,0.001917047281252934,two-sided 95% Wilson interval; conditional on fixed vector panel and synthetic IID draws,1.7443665982076413,1.9919001722267,0.12894713013345935,3.9510389337471015,0.0,0.0
-8,-0.125,-12.5,0.45,randomized_3,oracle_exact_timing,2000,64000,1908,0.954,0.9439163444279334,0.9623429766406889,two-sided 95% Wilson interval; conditional on fixed vector panel and synthetic IID draws,0.0631211563333079,0.07909607490219811,0.0001780880914487164,0.006256157349565818,0.9477992034686994,0.0062007965313005675
-8,-0.125,-12.5,0.45,POOLED_ALL_VECTORS,existing_nominal_decoder,12000,384000,0,0.0,0.0,0.0003200191233674895,two-sided 95% Wilson interval; conditional on fixed vector panel and synthetic IID draws,1.8781081836960245,2.3016682819502194,0.02100014141127523,5.297235874196381,0.0,0.0
-8,-0.125,-12.5,0.45,POOLED_ALL_VECTORS,oracle_exact_timing,12000,384000,11406,0.9505,0.9464728422864019,0.954238820483444,two-sided 95% Wilson interval; conditional on fixed vector panel and synthetic IID draws,0.06342335034450647,0.0795005417346468,-0.0002576548653086497,0.006320269750072701,0.9477992034686994,0.00270079653130062
-4,-0.0625,-6.25,0.0,mixed_signs,existing_nominal_decoder,1,32,0,0.0,,,deterministic; no sampling interval,1.0738525390625,1.242075597173142,0.0006103515625000815,1.542751416563988,0.0,0.0
-4,-0.0625,-6.25,0.0,mixed_signs,oracle_exact_timing,1,32,1,1.0,,,deterministic; no sampling interval,3.469446951953614e-17,8.326672684688674e-17,-6.938893903907228e-18,6.885199551184368e-33,1.0,0.0
-4,-0.0625,-6.25,0.0,sparse_and_zeros,existing_nominal_decoder,1,32,0,0.0,,,deterministic; no sampling interval,0.210205078125,0.5853406791197108,0.02270507812500002,0.34210819005966187,0.0,0.0
-4,-0.0625,-6.25,0.0,sparse_and_zeros,oracle_exact_timing,1,32,1,1.0,,,deterministic; no sampling interval,0.0,0.0,0.0,0.0,1.0,0.0
-4,-0.0625,-6.25,0.0,boundary_values,existing_nominal_decoder,1,32,0,0.0,,,deterministic; no sampling interval,1.0869140625,1.3699508172555754,0.0009765625000000694,1.8767642880249025,0.0,0.0
-4,-0.0625,-6.25,0.0,boundary_values,oracle_exact_timing,1,32,1,1.0,,,deterministic; no sampling interval,1.3877787807814457e-17,5.551115123125783e-17,-1.3877787807814457e-17,2.8888949165808538e-33,1.0,0.0
-4,-0.0625,-6.25,0.0,randomized_1,existing_nominal_decoder,1,32,0,0.0,,,deterministic; no sampling interval,1.2687181664618468,1.3705219844875058,-0.17150775804460028,1.8489155988940862,0.0,0.0
-4,-0.0625,-6.25,0.0,randomized_1,oracle_exact_timing,1,32,1,1.0,,,deterministic; no sampling interval,5.377642775528102e-17,1.0614466625631893e-16,-1.734723475976807e-18,1.1263680909127225e-32,1.0,0.0
-4,-0.0625,-6.25,0.0,randomized_2,existing_nominal_decoder,1,32,0,0.0,,,deterministic; no sampling interval,1.2388818448620231,1.3455412856507663,0.13909076850832042,1.7911351095064814,0.0,0.0
-4,-0.0625,-6.25,0.0,randomized_2,oracle_exact_timing,1,32,1,1.0,,,deterministic; no sampling interval,3.122502256758253e-17,8.092071311423672e-17,-1.734723475976807e-17,6.247235257106096e-33,1.0,0.0
-4,-0.0625,-6.25,0.0,randomized_3,existing_nominal_decoder,1,32,0,0.0,,,deterministic; no sampling interval,0.918242424353112,1.0472929310762724,0.06606245958315704,1.0924582349161533,0.0,0.0
-4,-0.0625,-6.25,0.0,randomized_3,oracle_exact_timing,1,32,1,1.0,,,deterministic; no sampling interval,3.165870343657673e-17,9.816143974602446e-17,-2.3852447794681098e-17,9.066728987214402e-33,1.0,0.0
-4,-0.0625,-6.25,0.0,POOLED_ALL_VECTORS,existing_nominal_decoder,6,192,0,0.0,,,deterministic; no sampling interval,0.9661356858940803,1.193578309556407,0.009656243705729572,1.4245359380010252,0.0,0.0
-4,-0.0625,-6.25,0.0,POOLED_ALL_VECTORS,oracle_exact_timing,6,192,6,1.0,,,deterministic; no sampling interval,2.7538735181131813e-17,7.902041503034511e-17,-1.0625181290357943e-17,6.131331514115019e-33,1.0,0.0
-4,-0.0625,-6.25,0.45,mixed_signs,existing_nominal_decoder,2000,64000,0,0.0,1.0842021724855044e-19,0.001917047281252934,two-sided 95% Wilson interval; conditional on fixed vector panel and synthetic IID draws,1.0744947472232296,1.2451525000153132,0.0012960258968015283,1.550403068611259,0.0,0.0
-4,-0.0625,-6.25,0.45,mixed_signs,oracle_exact_timing,2000,64000,1892,0.946,0.9352121487009426,0.9550778451241797,two-sided 95% Wilson interval; conditional on fixed vector panel and synthetic IID draws,0.06373250538381742,0.0798596018655905,0.0001004532714940955,0.0063775459192708705,0.9477992034686994,0.0017992034686994396
-4,-0.0625,-6.25,0.45,sparse_and_zeros,existing_nominal_decoder,2000,64000,0,0.0,1.0842021724855044e-19,0.001917047281252934,two-sided 95% Wilson interval; conditional on fixed vector panel and synthetic IID draws,0.26140367573265016,0.5906827243856723,0.022660830918790082,0.3483925676297501,0.0,0.0
-4,-0.0625,-6.25,0.45,sparse_and_zeros,oracle_exact_timing,2000,64000,1895,0.9475,0.9368392097083899,0.9564450329748887,two-sided 95% Wilson interval; conditional on fixed vector panel and synthetic IID draws,0.06336829995483231,0.07934101876879444,-0.00036799827030306695,0.0062948618365432476,0.9477992034686994,0.00029920346869938275
-4,-0.0625,-6.25,0.45,boundary_values,existing_nominal_decoder,2000,64000,0,0.0,1.0842021724855044e-19,0.001917047281252934,two-sided 95% Wilson interval; conditional on fixed vector panel and synthetic IID draws,1.1005381962507077,1.3720968172806136,0.0010978207061668086,1.8826484707812872,0.0,0.0
-4,-0.0625,-6.25,0.45,boundary_values,oracle_exact_timing,2000,64000,1899,0.9495,0.9390120477558316,0.958264526738322,two-sided 95% Wilson interval; conditional on fixed vector panel and synthetic IID draws,0.06342786984145793,0.07961208729457181,-0.00019200189261731076,0.006338047578671752,0.9477992034686994,0.001700796531300619
-4,-0.0625,-6.25,0.45,randomized_1,existing_nominal_decoder,2000,64000,0,0.0,1.0842021724855044e-19,0.001917047281252934,two-sided 95% Wilson interval; conditional on fixed vector panel and synthetic IID draws,1.2683696315097595,1.3725014849195654,-0.17144385065121615,1.8543673321802956,0.0,0.0
-4,-0.0625,-6.25,0.45,randomized_1,oracle_exact_timing,2000,64000,1909,0.9545,0.9444626753715425,0.9627947286497985,two-sided 95% Wilson interval; conditional on fixed vector panel and synthetic IID draws,0.06352819290646725,0.07962360204998312,-0.0001613983697255061,0.006339891953980324,0.9477992034686994,0.0067007965313006235
-4,-0.0625,-6.25,0.45,randomized_2,existing_nominal_decoder,2000,64000,0,0.0,1.0842021724855044e-19,0.001917047281252934,two-sided 95% Wilson interval; conditional on fixed vector panel and synthetic IID draws,1.2393088596383524,1.347553872434141,0.1395310051128845,1.796432537724437,0.0,0.0
-4,-0.0625,-6.25,0.45,randomized_2,oracle_exact_timing,2000,64000,1910,0.955,0.9450093040187729,0.9632461829552866,two-sided 95% Wilson interval; conditional on fixed vector panel and synthetic IID draws,0.06368412507884996,0.0798198318712194,7.744635230173461e-05,0.006371199562012247,0.9477992034686994,0.007200796531300568
-4,-0.0625,-6.25,0.45,randomized_3,existing_nominal_decoder,2000,64000,0,0.0,1.0842021724855044e-19,0.001917047281252934,two-sided 95% Wilson interval; conditional on fixed vector panel and synthetic IID draws,0.9195279593290339,1.050229809196801,0.06520410526987125,1.0987310767815042,0.0,0.0
-4,-0.0625,-6.25,0.45,randomized_3,oracle_exact_timing,2000,64000,1884,0.942,0.9308834016573861,0.9514219285459862,two-sided 95% Wilson interval; conditional on fixed vector panel and synthetic IID draws,0.06345328973450717,0.07954883160963437,3.7955898779174876e-05,0.006328015169807713,0.9477992034686994,0.005799203468699443
-4,-0.0625,-6.25,0.45,POOLED_ALL_VECTORS,existing_nominal_decoder,12000,384000,0,0.0,0.0,0.0003200191233674895,two-sided 95% Wilson interval; conditional on fixed vector panel and synthetic IID draws,0.9772738449472889,1.1961469337361152,0.009724322875549665,1.4306729246309229,0.0,0.0
-4,-0.0625,-6.25,0.45,POOLED_ALL_VECTORS,oracle_exact_timing,12000,384000,11389,0.9490833333333333,0.9450044803039397,0.9528747558534223,two-sided 95% Wilson interval; conditional on fixed vector panel and synthetic IID draws,0.063532380483322,0.0796343496725514,-8.425716834514647e-05,0.006341622548499767,0.9477992034686994,0.0012841298646338872
-2,-0.03125,-3.125,0.0,mixed_signs,existing_nominal_decoder,1,32,0,0.0,,,deterministic; no sampling interval,0.31879658763451435,0.37274436961873614,-0.0004315837287514994,0.13893817881795406,0.0,0.0
-2,-0.03125,-3.125,0.0,mixed_signs,oracle_exact_timing,1,32,1,1.0,,,deterministic; no sampling interval,3.469446951953614e-17,8.326672684688674e-17,-6.938893903907228e-18,6.885199551184368e-33,1.0,0.0
-2,-0.03125,-3.125,0.0,sparse_and_zeros,existing_nominal_decoder,1,32,0,0.0,,,deterministic; no sampling interval,0.06592536713947758,0.18081082495460302,0.007382585290442169,0.03263805185519344,0.0,0.0
-2,-0.03125,-3.125,0.0,sparse_and_zeros,oracle_exact_timing,1,32,1,1.0,,,deterministic; no sampling interval,0.0,0.0,0.0,0.0,1.0,0.0
-2,-0.03125,-3.125,0.0,boundary_values,existing_nominal_decoder,1,32,0,0.0,,,deterministic; no sampling interval,0.32825648703389065,0.41493353138740435,-0.0006905339660024309,0.17216935863246385,0.0,0.0
-2,-0.03125,-3.125,0.0,boundary_values,oracle_exact_timing,1,32,1,1.0,,,deterministic; no sampling interval,1.3877787807814457e-17,5.551115123125783e-17,-1.3877787807814457e-17,2.8888949165808538e-33,1.0,0.0
-2,-0.03125,-3.125,0.0,randomized_1,existing_nominal_decoder,1,32,0,0.0,,,deterministic; no sampling interval,0.38991898537958747,0.42332397094538243,-0.051163209780284935,0.17658551034194556,0.0,0.0
-2,-0.03125,-3.125,0.0,randomized_1,oracle_exact_timing,1,32,1,1.0,,,deterministic; no sampling interval,5.377642775528102e-17,1.0614466625631893e-16,-1.734723475976807e-18,1.1263680909127225e-32,1.0,0.0
-2,-0.03125,-3.125,0.0,randomized_2,existing_nominal_decoder,1,32,0,0.0,,,deterministic; no sampling interval,0.3808597322268653,0.4129694158357017,0.04059975043663784,0.16889539868016346,0.0,0.0
-2,-0.03125,-3.125,0.0,randomized_2,oracle_exact_timing,1,32,1,1.0,,,deterministic; no sampling interval,3.122502256758253e-17,8.092071311423672e-17,-1.734723475976807e-17,6.247235257106096e-33,1.0,0.0
-2,-0.03125,-3.125,0.0,randomized_3,existing_nominal_decoder,1,32,0,0.0,,,deterministic; no sampling interval,0.28467980162429174,0.3249621235713279,0.019845494955767533,0.1052065380859476,0.0,0.0
-2,-0.03125,-3.125,0.0,randomized_3,oracle_exact_timing,1,32,1,1.0,,,deterministic; no sampling interval,3.165870343657673e-17,9.816143974602446e-17,-2.3852447794681098e-17,9.066728987214402e-33,1.0,0.0
-2,-0.03125,-3.125,0.0,POOLED_ALL_VECTORS,existing_nominal_decoder,6,192,0,0.0,,,deterministic; no sampling interval,0.29473949350643786,0.36495389195565736,0.0025904172013014475,0.13318463299230485,0.0,0.0
-2,-0.03125,-3.125,0.0,POOLED_ALL_VECTORS,oracle_exact_timing,6,192,6,1.0,,,deterministic; no sampling interval,2.7538735181131813e-17,7.902041503034511e-17,-1.0625181290357943e-17,6.131331514115019e-33,1.0,0.0
-2,-0.03125,-3.125,0.45,mixed_signs,existing_nominal_decoder,2000,64000,0,0.0,1.0842021724855044e-19,0.001917047281252934,two-sided 95% Wilson interval; conditional on fixed vector panel and synthetic IID draws,0.32563129841328864,0.3812958876538049,-0.0007297691834536082,0.14538602137864196,1.2064558363700399e-52,1.2064558363700399e-52
-2,-0.03125,-3.125,0.45,mixed_signs,oracle_exact_timing,2000,64000,1914,0.957,0.9471988913295474,0.9650489274553872,two-sided 95% Wilson interval; conditional on fixed vector panel and synthetic IID draws,0.0636073250272756,0.07967815364306761,-0.00042396035237855263,0.0063484284255879014,0.9477992034686994,0.00920079653130057
-2,-0.03125,-3.125,0.45,sparse_and_zeros,existing_nominal_decoder,2000,64000,0,0.0,1.0842021724855044e-19,0.001917047281252934,two-sided 95% Wilson interval; conditional on fixed vector panel and synthetic IID draws,0.11827892295320078,0.1975244267168229,0.008011975261895178,0.03895170740221232,1.3161299174041945e-14,1.3161299174041945e-14
-2,-0.03125,-3.125,0.45,sparse_and_zeros,oracle_exact_timing,2000,64000,1879,0.9395,0.9281849047504186,0.94913001068936,two-sided 95% Wilson interval; conditional on fixed vector panel and synthetic IID draws,0.06349776719346475,0.07951820868277798,0.0010488219987111278,0.006322045484532847,0.9477992034686994,0.00829920346869939
-2,-0.03125,-3.125,0.45,boundary_values,existing_nominal_decoder,2000,64000,0,0.0,1.0842021724855044e-19,0.001917047281252934,two-sided 95% Wilson interval; conditional on fixed vector panel and synthetic IID draws,0.34477488240948245,0.4225137120115655,-0.00040953330305164585,0.1785176691202658,1.8767947329287665e-75,1.8767947329287665e-75
-2,-0.03125,-3.125,0.45,boundary_values,oracle_exact_timing,2000,64000,1901,0.9505,0.9400999950103993,0.9591727453891917,two-sided 95% Wilson interval; conditional on fixed vector panel and synthetic IID draws,0.06339099069638561,0.07938141088902163,0.0001705933368934096,0.006301379292645091,0.9477992034686994,0.00270079653130062
-2,-0.03125,-3.125,0.45,randomized_1,existing_nominal_decoder,2000,64000,0,0.0,1.0842021724855044e-19,0.001917047281252934,two-sided 95% Wilson interval; conditional on fixed vector panel and synthetic IID draws,0.392071305669644,0.43080314092277394,-0.05163283343093417,0.18292539674082084,4.6222063335518365e-69,4.6222063335518365e-69
-2,-0.03125,-3.125,0.45,randomized_1,oracle_exact_timing,2000,64000,1902,0.951,0.9406443633026171,0.9596264600496927,two-sided 95% Wilson interval; conditional on fixed vector panel and synthetic IID draws,0.06370715952566461,0.07985759184375847,-0.00032227626722045456,0.006377131113091904,0.9477992034686994,0.003200796531300565
-2,-0.03125,-3.125,0.45,randomized_2,existing_nominal_decoder,2000,64000,0,0.0,1.0842021724855044e-19,0.001917047281252934,two-sided 95% Wilson interval; conditional on fixed vector panel and synthetic IID draws,0.3847130535593774,0.4209770231189041,0.04070593788033311,0.17556468061533678,1.5467625062866327e-63,1.5467625062866327e-63
-2,-0.03125,-3.125,0.45,randomized_2,oracle_exact_timing,2000,64000,1900,0.95,0.9395558910656041,0.9587187663812682,two-sided 95% Wilson interval; conditional on fixed vector panel and synthetic IID draws,0.06320668895635483,0.07933201672954122,0.0003122343210598871,0.006293471388104961,0.9477992034686994,0.002200796531300564
-2,-0.03125,-3.125,0.45,randomized_3,existing_nominal_decoder,2000,64000,0,0.0,1.0842021724855044e-19,0.001917047281252934,two-sided 95% Wilson interval; conditional on fixed vector panel and synthetic IID draws,0.287840254335597,0.3341417097167634,0.02002991368027868,0.11124948473040237,5.857569098785964e-35,5.857569098785964e-35
-2,-0.03125,-3.125,0.45,randomized_3,oracle_exact_timing,2000,64000,1893,0.9465,0.935754264314357,0.955533812463484,two-sided 95% Wilson interval; conditional on fixed vector panel and synthetic IID draws,0.063724580172048,0.07989940144989108,8.406017467305871e-05,0.006383907285937891,0.9477992034686994,0.0012992034686993836
-2,-0.03125,-3.125,0.45,POOLED_ALL_VECTORS,existing_nominal_decoder,12000,384000,0,0.0,0.0,0.0003200191233674895,two-sided 95% Wilson interval; conditional on fixed vector panel and synthetic IID draws,0.3088849528900984,0.3735826486702169,0.002662615150844593,0.1395569058680132,2.1935498623403242e-15,2.1935498623403242e-15
-2,-0.03125,-3.125,0.45,POOLED_ALL_VECTORS,oracle_exact_timing,12000,384000,11389,0.9490833333333333,0.9450044803039397,0.9528747558534223,two-sided 95% Wilson interval; conditional on fixed vector panel and synthetic IID draws,0.06352241859519892,0.07961143163341261,0.0001449122019564126,0.006337959047175255,0.9477992034686994,0.0012841298646338872
-1,-0.015625,-1.5625,0.0,mixed_signs,existing_nominal_decoder,1,32,1,1.0,,,deterministic; no sampling interval,0.08437961820867104,0.10034937755702598,-0.0003303198853430991,0.010069888464855898,1.0,0.0
-1,-0.015625,-1.5625,0.0,mixed_signs,oracle_exact_timing,1,32,1,1.0,,,deterministic; no sampling interval,3.469446951953614e-17,8.326672684688674e-17,-6.938893903907228e-18,6.885199551184368e-33,1.0,0.0
-1,-0.015625,-1.5625,0.0,sparse_and_zeros,existing_nominal_decoder,1,32,1,1.0,,,deterministic; no sampling interval,0.019227732010194617,0.05048784846201305,0.0021804573191784834,0.0025442684482024345,1.0,0.0
-1,-0.015625,-1.5625,0.0,sparse_and_zeros,oracle_exact_timing,1,32,1,1.0,,,deterministic; no sampling interval,0.0,0.0,0.0,0.0,1.0,0.0
-1,-0.015625,-1.5625,0.0,boundary_values,existing_nominal_decoder,1,32,1,1.0,,,deterministic; no sampling interval,0.08932513214765789,0.11308624740263518,-0.0005285118165489974,0.012788220026869777,1.0,0.0
-1,-0.015625,-1.5625,0.0,boundary_values,oracle_exact_timing,1,32,1,1.0,,,deterministic; no sampling interval,1.3877787807814457e-17,5.551115123125783e-17,-1.3877787807814457e-17,2.8888949165808538e-33,1.0,0.0
-1,-0.015625,-1.5625,0.0,randomized_1,existing_nominal_decoder,1,32,1,1.0,,,deterministic; no sampling interval,0.10788468281927105,0.11825604292290384,-0.013629201092356021,0.0137987365653678,1.0,0.0
-1,-0.015625,-1.5625,0.0,randomized_1,oracle_exact_timing,1,32,1,1.0,,,deterministic; no sampling interval,5.377642775528102e-17,1.0614466625631893e-16,-1.734723475976807e-18,1.1263680909127225e-32,1.0,0.0
-1,-0.015625,-1.5625,0.0,randomized_2,existing_nominal_decoder,1,32,1,1.0,,,deterministic; no sampling interval,0.1059225195913699,0.11449469316186014,0.010501851974500192,0.012998745867334188,1.0,0.0
-1,-0.015625,-1.5625,0.0,randomized_2,oracle_exact_timing,1,32,1,1.0,,,deterministic; no sampling interval,3.122502256758253e-17,8.092071311423672e-17,-1.734723475976807e-17,6.247235257106096e-33,1.0,0.0
-1,-0.015625,-1.5625,0.0,randomized_3,existing_nominal_decoder,1,32,1,1.0,,,deterministic; no sampling interval,0.07960917447391556,0.09128222868778653,0.005335047743517401,0.008303982539783747,1.0,0.0
-1,-0.015625,-1.5625,0.0,randomized_3,oracle_exact_timing,1,32,1,1.0,,,deterministic; no sampling interval,3.165870343657673e-17,9.816143974602446e-17,-2.3852447794681098e-17,9.066728987214402e-33,1.0,0.0
-1,-0.015625,-1.5625,0.0,POOLED_ALL_VECTORS,existing_nominal_decoder,6,192,6,1.0,,,deterministic; no sampling interval,0.08105814320851334,0.10069218067476515,0.0005882207071579935,0.01013856924543922,1.0,0.0
-1,-0.015625,-1.5625,0.0,POOLED_ALL_VECTORS,oracle_exact_timing,6,192,6,1.0,,,deterministic; no sampling interval,2.7538735181131813e-17,7.902041503034511e-17,-1.0625181290357943e-17,6.131331514115019e-33,1.0,0.0
-1,-0.015625,-1.5625,0.45,mixed_signs,existing_nominal_decoder,2000,64000,449,0.2245,0.20675148405284127,0.24330480899912904,two-sided 95% Wilson interval; conditional on fixed vector panel and synthetic IID draws,0.10449022557016877,0.1281555409841202,-0.0002229583857843724,0.016423792974490717,0.22853601119412495,0.004036011194124944
-1,-0.015625,-1.5625,0.45,mixed_signs,oracle_exact_timing,2000,64000,1906,0.953,0.9428245575283534,0.9614385976348314,two-sided 95% Wilson interval; conditional on fixed vector panel and synthetic IID draws,0.06323025894620359,0.07921230660664064,2.9774874478200444e-05,0.006274588631401293,0.9477992034686994,0.005200796531300567
-1,-0.015625,-1.5625,0.45,sparse_and_zeros,existing_nominal_decoder,2000,64000,1255,0.6275,0.6060858442270278,0.6484253087162526,two-sided 95% Wilson interval; conditional on fixed vector panel and synthetic IID draws,0.07340359417367712,0.09424546227641568,0.0023869186582625296,0.00887650977901413,0.6272107366298987,0.000289263370101267
-1,-0.015625,-1.5625,0.45,sparse_and_zeros,oracle_exact_timing,2000,64000,1902,0.951,0.9406443633026171,0.9596264600496927,two-sided 95% Wilson interval; conditional on fixed vector panel and synthetic IID draws,0.06314519865368422,0.07917868798399752,0.00019539327272973108,0.006269226452336206,0.9477992034686994,0.003200796531300565
-1,-0.015625,-1.5625,0.45,boundary_values,existing_nominal_decoder,2000,64000,232,0.116,0.10269607466146108,0.13077621765054118,two-sided 95% Wilson interval; conditional on fixed vector panel and synthetic IID draws,0.11279218552375793,0.1381263065458372,-0.00016927160813441297,0.01907884790711727,0.1111145530223987,0.004885446977601307
-1,-0.015625,-1.5625,0.45,boundary_values,oracle_exact_timing,2000,64000,1894,0.947,0.9362966169363569,0.9559895427942029,two-sided 95% Wilson interval; conditional on fixed vector panel and synthetic IID draws,0.06364922960748041,0.07982723340656467,0.00016180113107911693,0.006372361013740134,0.9477992034686994,0.0007992034686994387
-1,-0.015625,-1.5625,0.45,randomized_1,existing_nominal_decoder,2000,64000,266,0.133,0.11881894582357963,0.14858816688086,two-sided 95% Wilson interval; conditional on fixed vector panel and synthetic IID draws,0.12009382609676583,0.1425408927132059,-0.013598042478495057,0.020132999336230726,0.1286068703930849,0.004393129606915097
-1,-0.015625,-1.5625,0.45,randomized_1,oracle_exact_timing,2000,64000,1894,0.947,0.9362966169363569,0.9559895427942029,two-sided 95% Wilson interval; conditional on fixed vector panel and synthetic IID draws,0.06302731975933101,0.07911217785608815,-0.00019339963798681138,0.006258699281713349,0.9477992034686994,0.0007992034686994387
-1,-0.015625,-1.5625,0.45,randomized_2,existing_nominal_decoder,2000,64000,351,0.1755,0.1594552510656038,0.19278891261992928,two-sided 95% Wilson interval; conditional on fixed vector panel and synthetic IID draws,0.11695048815109962,0.13886131255715298,0.010617207003248754,0.01916973904054549,0.17046087317789943,0.005039126822100559
-1,-0.015625,-1.5625,0.45,randomized_2,oracle_exact_timing,2000,64000,1898,0.949,0.9384684614587503,0.9578100300826845,two-sided 95% Wilson interval; conditional on fixed vector panel and synthetic IID draws,0.06341521491942918,0.07949643068598304,0.00020893818664713266,0.006319638836645467,0.9477992034686994,0.001200796531300563
-1,-0.015625,-1.5625,0.45,randomized_3,existing_nominal_decoder,2000,64000,703,0.3515,0.3308785183636282,0.37269084467890384,two-sided 95% Wilson interval; conditional on fixed vector panel and synthetic IID draws,0.0981510029426689,0.1205907580197667,0.005645923563211131,0.014510254466900303,0.33827630575341266,0.013223694246587314
-1,-0.015625,-1.5625,0.45,randomized_3,oracle_exact_timing,2000,64000,1901,0.9505,0.9400999950103993,0.9591727453891917,two-sided 95% Wilson interval; conditional on fixed vector panel and synthetic IID draws,0.06311107179829953,0.07912841080907013,0.00012621616534135079,0.006261289466648573,0.9477992034686994,0.00270079653130062
-1,-0.015625,-1.5625,0.45,POOLED_ALL_VECTORS,existing_nominal_decoder,12000,384000,3256,0.2713333333333333,0.26345183734006344,0.2793611847390233,two-sided 95% Wilson interval; conditional on fixed vector panel and synthetic IID draws,0.10431355374302302,0.12814537808349893,0.0007766294587180956,0.016420634770846737,0.2673675583618032,0.003965774971530112
-1,-0.015625,-1.5625,0.45,POOLED_ALL_VECTORS,oracle_exact_timing,12000,384000,11395,0.9495833333333333,0.9455226277097605,0.9533562884284782,two-sided 95% Wilson interval; conditional on fixed vector panel and synthetic IID draws,0.06326304894740467,0.07932629441771018,8.812066538145338e-05,0.0062926532207935705,0.9477992034686994,0.0017841298646339432
0,0.0,0.0,0.0,mixed_signs,existing_nominal_decoder,1,32,1,1.0,,,deterministic; no sampling interval,3.469446951953614e-17,8.326672684688674e-17,-6.938893903907228e-18,6.885199551184368e-33,1.0,0.0
0,0.0,0.0,0.0,mixed_signs,oracle_exact_timing,1,32,1,1.0,,,deterministic; no sampling interval,3.469446951953614e-17,8.326672684688674e-17,-6.938893903907228e-18,6.885199551184368e-33,1.0,0.0
0,0.0,0.0,0.0,sparse_and_zeros,existing_nominal_decoder,1,32,1,1.0,,,deterministic; no sampling interval,0.0,0.0,0.0,0.0,1.0,0.0
0,0.0,0.0,0.0,sparse_and_zeros,oracle_exact_timing,1,32,1,1.0,,,deterministic; no sampling interval,0.0,0.0,0.0,0.0,1.0,0.0
0,0.0,0.0,0.0,boundary_values,existing_nominal_decoder,1,32,1,1.0,,,deterministic; no sampling interval,1.3877787807814457e-17,5.551115123125783e-17,-1.3877787807814457e-17,2.8888949165808538e-33,1.0,0.0
0,0.0,0.0,0.0,boundary_values,oracle_exact_timing,1,32,1,1.0,,,deterministic; no sampling interval,1.3877787807814457e-17,5.551115123125783e-17,-1.3877787807814457e-17,2.8888949165808538e-33,1.0,0.0
0,0.0,0.0,0.0,randomized_1,existing_nominal_decoder,1,32,1,1.0,,,deterministic; no sampling interval,5.377642775528102e-17,1.0614466625631893e-16,-1.734723475976807e-18,1.1263680909127225e-32,1.0,0.0
0,0.0,0.0,0.0,randomized_1,oracle_exact_timing,1,32,1,1.0,,,deterministic; no sampling interval,5.377642775528102e-17,1.0614466625631893e-16,-1.734723475976807e-18,1.1263680909127225e-32,1.0,0.0
0,0.0,0.0,0.0,randomized_2,existing_nominal_decoder,1,32,1,1.0,,,deterministic; no sampling interval,3.122502256758253e-17,8.092071311423672e-17,-1.734723475976807e-17,6.247235257106096e-33,1.0,0.0
0,0.0,0.0,0.0,randomized_2,oracle_exact_timing,1,32,1,1.0,,,deterministic; no sampling interval,3.122502256758253e-17,8.092071311423672e-17,-1.734723475976807e-17,6.247235257106096e-33,1.0,0.0
0,0.0,0.0,0.0,randomized_3,existing_nominal_decoder,1,32,1,1.0,,,deterministic; no sampling interval,3.165870343657673e-17,9.816143974602446e-17,-2.3852447794681098e-17,9.066728987214402e-33,1.0,0.0
0,0.0,0.0,0.0,randomized_3,oracle_exact_timing,1,32,1,1.0,,,deterministic; no sampling interval,3.165870343657673e-17,9.816143974602446e-17,-2.3852447794681098e-17,9.066728987214402e-33,1.0,0.0
0,0.0,0.0,0.0,POOLED_ALL_VECTORS,existing_nominal_decoder,6,192,6,1.0,,,deterministic; no sampling interval,2.7538735181131813e-17,7.902041503034511e-17,-1.0625181290357943e-17,6.131331514115019e-33,1.0,0.0
0,0.0,0.0,0.0,POOLED_ALL_VECTORS,oracle_exact_timing,6,192,6,1.0,,,deterministic; no sampling interval,2.7538735181131813e-17,7.902041503034511e-17,-1.0625181290357943e-17,6.131331514115019e-33,1.0,0.0
0,0.0,0.0,0.45,mixed_signs,existing_nominal_decoder,2000,64000,1909,0.9545,0.9444626753715425,0.9627947286497985,two-sided 95% Wilson interval; conditional on fixed vector panel and synthetic IID draws,0.06322405656185276,0.07934042708058103,-0.0005250071881191174,0.006294627736781421,0.9477992034686994,0.0067007965313006235
0,0.0,0.0,0.45,mixed_signs,oracle_exact_timing,2000,64000,1909,0.9545,0.9444626753715425,0.9627947286497985,two-sided 95% Wilson interval; conditional on fixed vector panel and synthetic IID draws,0.06322405656185276,0.07934042708058103,-0.0005250071881191174,0.006294627736781421,0.9477992034686994,0.0067007965313006235
0,0.0,0.0,0.45,sparse_and_zeros,existing_nominal_decoder,2000,64000,1895,0.9475,0.9368392097083899,0.9564450329748887,two-sided 95% Wilson interval; conditional on fixed vector panel and synthetic IID draws,0.06345659270111113,0.07943655459877105,9.07938207303874e-05,0.006310157963005652,0.9477992034686994,0.00029920346869938275
0,0.0,0.0,0.45,sparse_and_zeros,oracle_exact_timing,2000,64000,1895,0.9475,0.9368392097083899,0.9564450329748887,two-sided 95% Wilson interval; conditional on fixed vector panel and synthetic IID draws,0.06345659270111113,0.07943655459877105,9.07938207303874e-05,0.006310157963005652,0.9477992034686994,0.00029920346869938275
0,0.0,0.0,0.45,boundary_values,existing_nominal_decoder,2000,64000,1897,0.9485,0.9379251286390549,0.9573552799496612,two-sided 95% Wilson interval; conditional on fixed vector panel and synthetic IID draws,0.063311797077685,0.07956771077823364,0.00013164069549286616,0.006331003269215927,0.9477992034686994,0.0007007965313006181
0,0.0,0.0,0.45,boundary_values,oracle_exact_timing,2000,64000,1897,0.9485,0.9379251286390549,0.9573552799496612,two-sided 95% Wilson interval; conditional on fixed vector panel and synthetic IID draws,0.063311797077685,0.07956771077823364,0.00013164069549286616,0.006331003269215927,0.9477992034686994,0.0007007965313006181
0,0.0,0.0,0.45,randomized_1,existing_nominal_decoder,2000,64000,1879,0.9395,0.9281849047504186,0.94913001068936,two-sided 95% Wilson interval; conditional on fixed vector panel and synthetic IID draws,0.06355921754011046,0.07972445310856564,-0.0008045785758561373,0.006355341076775156,0.9477992034686994,0.00829920346869939
0,0.0,0.0,0.45,randomized_1,oracle_exact_timing,2000,64000,1879,0.9395,0.9281849047504186,0.94913001068936,two-sided 95% Wilson interval; conditional on fixed vector panel and synthetic IID draws,0.06355921754011046,0.07972445310856564,-0.0008045785758561373,0.006355341076775156,0.9477992034686994,0.00829920346869939
0,0.0,0.0,0.45,randomized_2,existing_nominal_decoder,2000,64000,1895,0.9475,0.9368392097083899,0.9564450329748887,two-sided 95% Wilson interval; conditional on fixed vector panel and synthetic IID draws,0.06350658043869083,0.07972073442095291,7.176508108085518e-05,0.006355390346389243,0.9477992034686994,0.00029920346869938275
0,0.0,0.0,0.45,randomized_2,oracle_exact_timing,2000,64000,1895,0.9475,0.9368392097083899,0.9564450329748887,two-sided 95% Wilson interval; conditional on fixed vector panel and synthetic IID draws,0.06350658043869083,0.07972073442095291,7.176508108085518e-05,0.006355390346389243,0.9477992034686994,0.00029920346869938275
0,0.0,0.0,0.45,randomized_3,existing_nominal_decoder,2000,64000,1907,0.9535,0.9433703066271119,0.9618909314887917,two-sided 95% Wilson interval; conditional on fixed vector panel and synthetic IID draws,0.06345838903096541,0.07945740669972001,0.00013550343988280304,0.0063134611182624895,0.9477992034686994,0.005700796531300623
0,0.0,0.0,0.45,randomized_3,oracle_exact_timing,2000,64000,1907,0.9535,0.9433703066271119,0.9618909314887917,two-sided 95% Wilson interval; conditional on fixed vector panel and synthetic IID draws,0.06345838903096541,0.07945740669972001,0.00013550343988280304,0.0063134611182624895,0.9477992034686994,0.005700796531300623
0,0.0,0.0,0.45,POOLED_ALL_VECTORS,existing_nominal_decoder,12000,384000,11382,0.9485,0.9444001076145897,0.9523128352317497,two-sided 95% Wilson interval; conditional on fixed vector panel and synthetic IID draws,0.06341943889173593,0.07954134519634204,-0.00014998045446472388,0.006326803101506923,0.9477992034686994,0.0007007965313006181
0,0.0,0.0,0.45,POOLED_ALL_VECTORS,oracle_exact_timing,12000,384000,11382,0.9485,0.9444001076145897,0.9523128352317497,two-sided 95% Wilson interval; conditional on fixed vector panel and synthetic IID draws,0.06341943889173593,0.07954134519634204,-0.00014998045446472388,0.006326803101506923,0.9477992034686994,0.0007007965313006181
1,0.015625,1.5625,0.0,mixed_signs,existing_nominal_decoder,1,32,1,1.0,,,deterministic; no sampling interval,0.08576696172711216,0.1003222345427374,0.0005285118165489974,0.010064271418907783,1.0,0.0
1,0.015625,1.5625,0.0,mixed_signs,oracle_exact_timing,1,32,1,1.0,,,deterministic; no sampling interval,3.469446951953614e-17,8.326672684688674e-17,-6.938893903907228e-18,6.885199551184368e-33,1.0,0.0
1,0.015625,1.5625,0.0,sparse_and_zeros,existing_nominal_decoder,1,32,1,1.0,,,deterministic; no sampling interval,0.01909560405605735,0.05044910599762836,0.0023125852733157245,0.0025397642453135853,1.0,0.0
1,0.015625,1.5625,0.0,sparse_and_zeros,oracle_exact_timing,1,32,1,1.0,,,deterministic; no sampling interval,0.0,0.0,0.0,0.0,1.0,0.0
1,0.015625,1.5625,0.0,boundary_values,existing_nominal_decoder,1,32,1,1.0,,,deterministic; no sampling interval,0.08932513214765786,0.11308624740263515,0.0005285118165490026,0.012788220026869771,1.0,0.0
1,0.015625,1.5625,0.0,boundary_values,oracle_exact_timing,1,32,1,1.0,,,deterministic; no sampling interval,1.3877787807814457e-17,5.551115123125783e-17,-1.3877787807814457e-17,2.8888949165808538e-33,1.0,0.0
1,0.015625,1.5625,0.0,randomized_1,existing_nominal_decoder,1,32,1,1.0,,,deterministic; no sampling interval,0.10766197050550891,0.11825955592173253,-0.012649345193047163,0.013825316632992517,1.0,0.0
1,0.015625,1.5625,0.0,randomized_1,oracle_exact_timing,1,32,1,1.0,,,deterministic; no sampling interval,5.377642775528102e-17,1.0614466625631893e-16,-1.734723475976807e-18,1.1263680909127225e-32,1.0,0.0
1,0.015625,1.5625,0.0,randomized_2,existing_nominal_decoder,1,32,1,1.0,,,deterministic; no sampling interval,0.10583181330855357,0.11448095323314555,0.010899524587707902,0.012987089016931613,1.0,0.0
1,0.015625,1.5625,0.0,randomized_2,oracle_exact_timing,1,32,1,1.0,,,deterministic; no sampling interval,3.122502256758253e-17,8.092071311423672e-17,-1.734723475976807e-17,6.247235257106096e-33,1.0,0.0
1,0.015625,1.5625,0.0,randomized_3,existing_nominal_decoder,1,32,1,1.0,,,deterministic; no sampling interval,0.0812792609372881,0.09129357772637103,0.004980591826232633,0.008309711039141415,1.0,0.0
1,0.015625,1.5625,0.0,randomized_3,oracle_exact_timing,1,32,1,1.0,,,deterministic; no sampling interval,3.165870343657673e-17,9.816143974602446e-17,-2.3852447794681098e-17,9.066728987214402e-33,1.0,0.0
1,0.015625,1.5625,0.0,POOLED_ALL_VECTORS,existing_nominal_decoder,6,192,6,1.0,,,deterministic; no sampling interval,0.08149345711369632,0.1006842349007314,0.0011000633545511825,0.010136105018161631,1.0,0.0
1,0.015625,1.5625,0.0,POOLED_ALL_VECTORS,oracle_exact_timing,6,192,6,1.0,,,deterministic; no sampling interval,2.7538735181131813e-17,7.902041503034511e-17,-1.0625181290357943e-17,6.131331514115019e-33,1.0,0.0
1,0.015625,1.5625,0.45,mixed_signs,existing_nominal_decoder,2000,64000,526,0.263,0.2441724933907117,0.28273618702060216,two-sided 95% Wilson interval; conditional on fixed vector panel and synthetic IID draws,0.10510384968308782,0.1277584444246359,0.0003755760469756576,0.01632207906443572,0.2680380645285007,0.005038064528500696
1,0.015625,1.5625,0.45,mixed_signs,oracle_exact_timing,2000,64000,1896,0.948,0.9373820458455553,0.956900279790442,two-sided 95% Wilson interval; conditional on fixed vector panel and synthetic IID draws,0.06344188336595596,0.07954002626956122,-0.00019951692888521466,0.006326575971957578,0.9477992034686994,0.0002007965313005622
1,0.015625,1.5625,0.45,sparse_and_zeros,existing_nominal_decoder,2000,64000,1245,0.6225,0.6010390156006559,0.6434913078154373,two-sided 95% Wilson interval; conditional on fixed vector panel and synthetic IID draws,0.07334264767910412,0.09396064939025475,0.0027457117886536897,0.008821064700612028,0.627326954764686,0.004826954764685976
1,0.015625,1.5625,0.45,sparse_and_zeros,oracle_exact_timing,2000,64000,1900,0.95,0.9395558910656041,0.9587187663812682,two-sided 95% Wilson interval; conditional on fixed vector panel and synthetic IID draws,0.06342938011350596,0.07938882701662836,0.00017067490357692373,0.0063025567251534294,0.9477992034686994,0.002200796531300564
1,0.015625,1.5625,0.45,boundary_values,existing_nominal_decoder,2000,64000,214,0.107,0.09419820147525404,0.12130859768781074,two-sided 95% Wilson interval; conditional on fixed vector panel and synthetic IID draws,0.11327156728452252,0.13846709584717906,0.0005857133699087001,0.019172793572200184,0.1111145530223989,0.004114553022398895
1,0.015625,1.5625,0.45,boundary_values,oracle_exact_timing,2000,64000,1890,0.945,0.9341286162883299,0.9541652116313549,two-sided 95% Wilson interval; conditional on fixed vector panel and synthetic IID draws,0.063515784087958,0.07950460643945223,0.0001236294966089221,0.006320967160839757,0.9477992034686994,0.0027992034686994405
1,0.015625,1.5625,0.45,randomized_1,existing_nominal_decoder,2000,64000,236,0.118,0.10458823578198477,0.13287638834089244,two-sided 95% Wilson interval; conditional on fixed vector panel and synthetic IID draws,0.12001233547788948,0.14261978886099885,-0.01326630556440064,0.020164409311427843,0.12941646308127824,0.01141646308127825
1,0.015625,1.5625,0.45,randomized_1,oracle_exact_timing,2000,64000,1906,0.953,0.9428245575283534,0.9614385976348314,two-sided 95% Wilson interval; conditional on fixed vector panel and synthetic IID draws,0.06329545830564888,0.07929978231585737,-0.000541973083183264,0.00628816174051947,0.9477992034686994,0.005200796531300567
1,0.015625,1.5625,0.45,randomized_2,existing_nominal_decoder,2000,64000,307,0.1535,0.1383674835549553,0.16996103021095296,two-sided 95% Wilson interval; conditional on fixed vector panel and synthetic IID draws,0.11717831166566418,0.1395094266195305,0.011101505512313386,0.019339636691070233,0.16097754225506627,0.007477542255066277
1,0.015625,1.5625,0.45,randomized_2,oracle_exact_timing,2000,64000,1902,0.951,0.9406443633026171,0.9596264600496927,two-sided 95% Wilson interval; conditional on fixed vector panel and synthetic IID draws,0.06339060193970886,0.07964161056409533,0.00024527311000996046,0.0063427259743445265,0.9477992034686994,0.003200796531300565
1,0.015625,1.5625,0.45,randomized_3,existing_nominal_decoder,2000,64000,703,0.3515,0.3308785183636282,0.37269084467890384,two-sided 95% Wilson interval; conditional on fixed vector panel and synthetic IID draws,0.09934009890571115,0.12133068281901235,0.005270198047589443,0.014693359605866962,0.36577860158010705,0.014278601580107075
1,0.015625,1.5625,0.45,randomized_3,oracle_exact_timing,2000,64000,1892,0.946,0.9352121487009426,0.9550778451241797,two-sided 95% Wilson interval; conditional on fixed vector panel and synthetic IID draws,0.06379467790231935,0.07989397161645012,0.0004592840757851119,0.006382835758787868,0.9477992034686994,0.0017992034686994396
1,0.015625,1.5625,0.45,POOLED_ALL_VECTORS,existing_nominal_decoder,12000,384000,3231,0.26925,0.26138844047815246,0.27725924834728166,two-sided 95% Wilson interval; conditional on fixed vector panel and synthetic IID draws,0.10470813511599654,0.12835392428216266,0.0011353998668400397,0.01647344074577352,0.27710869653867287,0.007858696538672882
1,0.015625,1.5625,0.45,POOLED_ALL_VECTORS,oracle_exact_timing,12000,384000,11386,0.9488333333333333,0.944745446070353,0.9526339500965706,two-sided 95% Wilson interval; conditional on fixed vector panel and synthetic IID draws,0.0634779642858495,0.07954503167846326,4.289526231873995e-05,0.0063274102247241944,0.9477992034686994,0.0010341298646339148
2,0.03125,3.125,0.0,mixed_signs,existing_nominal_decoder,1,32,0,0.0,,,deterministic; no sampling interval,0.32060923929527085,0.3727318966199217,0.0006905339660024778,0.13892858992072576,0.0,0.0
2,0.03125,3.125,0.0,mixed_signs,oracle_exact_timing,1,32,1,1.0,,,deterministic; no sampling interval,3.469446951953614e-17,8.326672684688674e-17,-6.938893903907228e-18,6.885199551184368e-33,1.0,0.0
2,0.03125,3.125,0.0,sparse_and_zeros,existing_nominal_decoder,1,32,0,0.0,,,deterministic; no sampling interval,0.06575273364797693,0.1807923635017509,0.007555218781942768,0.03262879736970621,0.0,0.0
2,0.03125,3.125,0.0,sparse_and_zeros,oracle_exact_timing,1,32,1,1.0,,,deterministic; no sampling interval,0.0,0.0,0.0,0.0,1.0,0.0
2,0.03125,3.125,0.0,boundary_values,existing_nominal_decoder,1,32,0,0.0,,,deterministic; no sampling interval,0.32825648703389054,0.4149335313874042,0.0006905339660024448,0.17216935863246374,0.0,0.0
2,0.03125,3.125,0.0,boundary_values,oracle_exact_timing,1,32,1,1.0,,,deterministic; no sampling interval,1.3877787807814457e-17,5.551115123125783e-17,-1.3877787807814457e-17,2.8888949165808538e-33,1.0,0.0
2,0.03125,3.125,0.0,randomized_1,existing_nominal_decoder,1,32,0,0.0,,,deterministic; no sampling interval,0.38962799771860396,0.4233256462537785,-0.04988296635133232,0.17671629244417106,0.0,0.0
2,0.03125,3.125,0.0,randomized_1,oracle_exact_timing,1,32,1,1.0,,,deterministic; no sampling interval,5.377642775528102e-17,1.0614466625631893e-16,-1.734723475976807e-18,1.1263680909127225e-32,1.0,0.0
2,0.03125,3.125,0.0,randomized_2,existing_nominal_decoder,1,32,0,0.0,,,deterministic; no sampling interval,0.3807358028160718,0.41296291319145356,0.041119334745200645,0.16884756798168413,0.0,0.0
2,0.03125,3.125,0.0,randomized_2,oracle_exact_timing,1,32,1,1.0,,,deterministic; no sampling interval,3.122502256758253e-17,8.092071311423672e-17,-1.734723475976807e-17,6.247235257106096e-33,1.0,0.0
2,0.03125,3.125,0.0,randomized_3,existing_nominal_decoder,1,32,0,0.0,,,deterministic; no sampling interval,0.2868618747454757,0.32496756604843624,0.019382375981562,0.10522824248475413,0.0,0.0
2,0.03125,3.125,0.0,randomized_3,oracle_exact_timing,1,32,1,1.0,,,deterministic; no sampling interval,3.165870343657673e-17,9.816143974602446e-17,-2.3852447794681098e-17,9.066728987214402e-33,1.0,0.0
2,0.03125,3.125,0.0,POOLED_ALL_VECTORS,existing_nominal_decoder,6,192,0,0.0,,,deterministic; no sampling interval,0.295307355876215,0.3649501496458685,0.003259171848229664,0.13317798952540558,0.0,0.0
2,0.03125,3.125,0.0,POOLED_ALL_VECTORS,oracle_exact_timing,6,192,6,1.0,,,deterministic; no sampling interval,2.7538735181131813e-17,7.902041503034511e-17,-1.0625181290357943e-17,6.131331514115019e-33,1.0,0.0
2,0.03125,3.125,0.45,mixed_signs,existing_nominal_decoder,2000,64000,0,0.0,1.0842021724855044e-19,0.001917047281252934,two-sided 95% Wilson interval; conditional on fixed vector panel and synthetic IID draws,0.3276594675488691,0.3808198321793168,0.001134981276186325,0.14502245639858574,1.0259746590936451e-51,1.0259746590936451e-51
2,0.03125,3.125,0.45,mixed_signs,oracle_exact_timing,2000,64000,1886,0.943,0.9319642649870394,0.9523372311217704,two-sided 95% Wilson interval; conditional on fixed vector panel and synthetic IID draws,0.06310951999558266,0.0793635547909203,0.00018869651371702614,0.006298538222677121,0.9477992034686994,0.004799203468699442
2,0.03125,3.125,0.45,sparse_and_zeros,existing_nominal_decoder,2000,64000,0,0.0,1.0842021724855044e-19,0.001917047281252934,two-sided 95% Wilson interval; conditional on fixed vector panel and synthetic IID draws,0.11811396660392155,0.1971573366769257,0.007497259980230158,0.03881480649832748,1.3165579211399423e-14,1.3165579211399423e-14
2,0.03125,3.125,0.45,sparse_and_zeros,oracle_exact_timing,2000,64000,1883,0.9415,0.9303432888168623,0.9509639584337912,two-sided 95% Wilson interval; conditional on fixed vector panel and synthetic IID draws,0.06327175669517678,0.07938716619322272,7.142454854023189e-05,0.00630231705472423,0.9477992034686994,0.006299203468699388
2,0.03125,3.125,0.45,boundary_values,existing_nominal_decoder,2000,64000,0,0.0,1.0842021724855044e-19,0.001917047281252934,two-sided 95% Wilson interval; conditional on fixed vector panel and synthetic IID draws,0.3446697026907995,0.42244781381892915,0.000879596685411181,0.17846138171006368,1.8767947329054692e-75,1.8767947329054692e-75
2,0.03125,3.125,0.45,boundary_values,oracle_exact_timing,2000,64000,1894,0.947,0.9362966169363569,0.9559895427942029,two-sided 95% Wilson interval; conditional on fixed vector panel and synthetic IID draws,0.06354142184555281,0.07962754010937806,3.6980684347814096e-05,0.0063405437762995955,0.9477992034686994,0.0007992034686994387
2,0.03125,3.125,0.45,randomized_1,existing_nominal_decoder,2000,64000,0,0.0,1.0842021724855044e-19,0.001917047281252934,two-sided 95% Wilson interval; conditional on fixed vector panel and synthetic IID draws,0.39139460867509784,0.4306408184853404,-0.05009493297611445,0.18294201223584253,3.5021239616730265e-69,3.5021239616730265e-69
2,0.03125,3.125,0.45,randomized_1,oracle_exact_timing,2000,64000,1890,0.945,0.9341286162883299,0.9541652116313549,two-sided 95% Wilson interval; conditional on fixed vector panel and synthetic IID draws,0.0634515393285823,0.07956505167533463,0.00020228820027558197,0.006330556527582699,0.9477992034686994,0.0027992034686994405
2,0.03125,3.125,0.45,randomized_2,existing_nominal_decoder,2000,64000,0,0.0,1.0842021724855044e-19,0.001917047281252934,two-sided 95% Wilson interval; conditional on fixed vector panel and synthetic IID draws,0.38372255341334427,0.4207751616996038,0.04141827235420895,0.17533626341852027,6.611785247972225e-64,6.611785247972225e-64
2,0.03125,3.125,0.45,randomized_2,oracle_exact_timing,2000,64000,1904,0.952,0.9417339082484883,0.9605330810092589,two-sided 95% Wilson interval; conditional on fixed vector panel and synthetic IID draws,0.06354162940904069,0.07959934916549546,0.00016914121461549214,0.006336027778819983,0.9477992034686994,0.004200796531300566
2,0.03125,3.125,0.45,randomized_3,existing_nominal_decoder,2000,64000,0,0.0,1.0842021724855044e-19,0.001917047281252934,two-sided 95% Wilson interval; conditional on fixed vector panel and synthetic IID draws,0.29032778209710824,0.33420073247321636,0.019056950420360853,0.11132696222631026,2.65868851877403e-34,2.65868851877403e-34
2,0.03125,3.125,0.45,randomized_3,oracle_exact_timing,2000,64000,1900,0.95,0.9395558910656041,0.9587187663812682,two-sided 95% Wilson interval; conditional on fixed vector panel and synthetic IID draws,0.06313778379089474,0.0791666466855969,-0.00016668856736307163,0.006267330162363642,0.9477992034686994,0.002200796531300564
2,0.03125,3.125,0.45,POOLED_ALL_VECTORS,existing_nominal_decoder,12000,384000,0,0.0,0.0,0.0003200191233674895,two-sided 95% Wilson interval; conditional on fixed vector panel and synthetic IID draws,0.3093146801715234,0.373396638134683,0.003315354623380504,0.13941405779400462,2.1942632018999037e-15,2.1942632018999037e-15
2,0.03125,3.125,0.45,POOLED_ALL_VECTORS,oracle_exact_timing,12000,384000,11357,0.9464166666666667,0.9422427664174179,0.9503048431752689,two-sided 95% Wilson interval; conditional on fixed vector panel and synthetic IID draws,0.06334227517747167,0.07945171795103369,8.364043235551244e-05,0.006312568489648685,0.9477992034686994,0.0013825368020327078
4,0.0625,6.25,0.0,mixed_signs,existing_nominal_decoder,1,32,0,0.0,,,deterministic; no sampling interval,1.0712890625,1.242068111032502,-0.0009765625000000711,1.5427322387695312,0.0,0.0
4,0.0625,6.25,0.0,mixed_signs,oracle_exact_timing,1,32,1,1.0,,,deterministic; no sampling interval,3.469446951953614e-17,8.326672684688674e-17,-6.938893903907228e-18,6.885199551184368e-33,1.0,0.0
4,0.0625,6.25,0.0,sparse_and_zeros,existing_nominal_decoder,1,32,0,0.0,,,deterministic; no sampling interval,0.2099609375,0.5853292741627524,0.022460937499999986,0.3421058654785156,0.0,0.0
4,0.0625,6.25,0.0,sparse_and_zeros,oracle_exact_timing,1,32,1,1.0,,,deterministic; no sampling interval,0.0,0.0,0.0,0.0,1.0,0.0
4,0.0625,6.25,0.0,boundary_values,existing_nominal_decoder,1,32,0,0.0,,,deterministic; no sampling interval,1.0869140625,1.3699508172555752,-0.0009765625000000555,1.8767642880249022,0.0,0.0
4,0.0625,6.25,0.0,boundary_values,oracle_exact_timing,1,32,1,1.0,,,deterministic; no sampling interval,1.3877787807814457e-17,5.551115123125783e-17,-1.3877787807814457e-17,2.8888949165808538e-33,1.0,0.0
4,0.0625,6.25,0.0,randomized_1,existing_nominal_decoder,1,32,0,0.0,,,deterministic; no sampling interval,1.2691296851584928,1.3705230194206863,-0.17331829566496434,1.8482941151497876,0.0,0.0
4,0.0625,6.25,0.0,randomized_1,oracle_exact_timing,1,32,1,1.0,,,deterministic; no sampling interval,5.377642775528102e-17,1.0614466625631893e-16,-1.734723475976807e-18,1.1263680909127225e-32,1.0,0.0
4,0.0625,6.25,0.0,randomized_2,existing_nominal_decoder,1,32,0,0.0,,,deterministic; no sampling interval,1.2391324885071198,1.3455372941329047,0.1383559653323544,1.7913282367594512,0.0,0.0
4,0.0625,6.25,0.0,randomized_2,oracle_exact_timing,1,32,1,1.0,,,deterministic; no sampling interval,3.122502256758253e-17,8.092071311423672e-17,-1.734723475976807e-17,6.247235257106096e-33,1.0,0.0
4,0.0625,6.25,0.0,randomized_3,existing_nominal_decoder,1,32,0,0.0,,,deterministic; no sampling interval,0.9151565069510437,1.0472963085666087,0.06671740871747059,1.0923783453112712,0.0,0.0
4,0.0625,6.25,0.0,randomized_3,oracle_exact_timing,1,32,1,1.0,,,deterministic; no sampling interval,3.165870343657673e-17,9.816143974602446e-17,-2.3852447794681098e-17,9.066728987214402e-33,1.0,0.0
4,0.0625,6.25,0.0,POOLED_ALL_VECTORS,existing_nominal_decoder,6,192,0,0.0,,,deterministic; no sampling interval,0.9652637905194427,1.1935760210348776,0.00871048181414343,1.4245478454960157,0.0,0.0
4,0.0625,6.25,0.0,POOLED_ALL_VECTORS,oracle_exact_timing,6,192,6,1.0,,,deterministic; no sampling interval,2.7538735181131813e-17,7.902041503034511e-17,-1.0625181290357943e-17,6.131331514115019e-33,1.0,0.0
4,0.0625,6.25,0.45,mixed_signs,existing_nominal_decoder,2000,64000,0,0.0,1.0842021724855044e-19,0.001917047281252934,two-sided 95% Wilson interval; conditional on fixed vector panel and synthetic IID draws,1.07185068373776,1.2450084440998688,-0.0010929364828334367,1.5500448313698207,0.0,0.0
4,0.0625,6.25,0.45,mixed_signs,oracle_exact_timing,2000,64000,1900,0.95,0.9395558910656041,0.9587187663812682,two-sided 95% Wilson interval; conditional on fixed vector panel and synthetic IID draws,0.06338858661507107,0.07942693783553303,0.00022600541723560453,0.006308587375481009,0.9477992034686994,0.002200796531300564
4,0.0625,6.25,0.45,sparse_and_zeros,existing_nominal_decoder,2000,64000,0,0.0,1.0842021724855044e-19,0.001917047281252934,two-sided 95% Wilson interval; conditional on fixed vector panel and synthetic IID draws,0.26128517892445907,0.5901263109186764,0.022405515944350064,0.3477470556937538,0.0,0.0
4,0.0625,6.25,0.45,sparse_and_zeros,oracle_exact_timing,2000,64000,1904,0.952,0.9417339082484883,0.9605330810092589,two-sided 95% Wilson interval; conditional on fixed vector panel and synthetic IID draws,0.06370153275882875,0.07967941654468437,-9.543749786477987e-05,0.006348800312585323,0.9477992034686994,0.004200796531300566
4,0.0625,6.25,0.45,boundary_values,existing_nominal_decoder,2000,64000,0,0.0,1.0842021724855044e-19,0.001917047281252934,two-sided 95% Wilson interval; conditional on fixed vector panel and synthetic IID draws,1.1005879093914859,1.3719538626836603,-0.0008425066539150918,1.8822566915151537,0.0,0.0
4,0.0625,6.25,0.45,boundary_values,oracle_exact_timing,2000,64000,1897,0.9485,0.9379251286390549,0.9573552799496612,two-sided 95% Wilson interval; conditional on fixed vector panel and synthetic IID draws,0.06344458062965254,0.07951852711081896,0.00030169863778389924,0.006323105131806008,0.9477992034686994,0.0007007965313006181
4,0.0625,6.25,0.45,randomized_1,existing_nominal_decoder,2000,64000,0,0.0,1.0842021724855044e-19,0.001917047281252934,two-sided 95% Wilson interval; conditional on fixed vector panel and synthetic IID draws,1.2688352465063797,1.372528680907694,-0.17320854666202581,1.8538337792774437,0.0,0.0
4,0.0625,6.25,0.45,randomized_1,oracle_exact_timing,2000,64000,1905,0.9525,0.9422790928066445,0.9609859794038216,two-sided 95% Wilson interval; conditional on fixed vector panel and synthetic IID draws,0.06335400616403761,0.07937433963467072,0.0003619568469681097,0.006300154779680991,0.9477992034686994,0.004700796531300622
4,0.0625,6.25,0.45,randomized_2,existing_nominal_decoder,2000,64000,0,0.0,1.0842021724855044e-19,0.001917047281252934,two-sided 95% Wilson interval; conditional on fixed vector panel and synthetic IID draws,1.2396005970987034,1.3479271122553511,0.13853660945162266,1.7977151077946982,0.0,0.0
4,0.0625,6.25,0.45,randomized_2,oracle_exact_timing,2000,64000,1902,0.951,0.9406443633026171,0.9596264600496927,two-sided 95% Wilson interval; conditional on fixed vector panel and synthetic IID draws,0.06334789827176343,0.07949961273320183,-0.00022438167142889177,0.006320138077594594,0.9477992034686994,0.003200796531300565
4,0.0625,6.25,0.45,randomized_3,existing_nominal_decoder,2000,64000,0,0.0,1.0842021724855044e-19,0.001917047281252934,two-sided 95% Wilson interval; conditional on fixed vector panel and synthetic IID draws,0.9162720083057629,1.0502234375005581,0.0666748814360892,1.0985237288609722,0.0,0.0
4,0.0625,6.25,0.45,randomized_3,oracle_exact_timing,2000,64000,1889,0.9445,0.9335871935538151,0.9537085514131509,two-sided 95% Wilson interval; conditional on fixed vector panel and synthetic IID draws,0.06376379311362963,0.07989437303056131,0.0001366025117999081,0.006383092181700252,0.9477992034686994,0.0032992034686993854
4,0.0625,6.25,0.45,POOLED_ALL_VECTORS,existing_nominal_decoder,12000,384000,0,0.0,0.0,0.0003200191233674895,two-sided 95% Wilson interval; conditional on fixed vector panel and synthetic IID draws,0.9764052706607586,1.1961231986849452,0.008745502838881262,1.4306342226124003,0.0,0.0
4,0.0625,6.25,0.45,POOLED_ALL_VECTORS,oracle_exact_timing,12000,384000,11397,0.94975,0.9456953671016194,0.9535167756969115,two-sided 95% Wilson interval; conditional on fixed vector panel and synthetic IID draws,0.06350006625883052,0.07956572659110267,0.00011774070741564168,0.006330690985095919,0.9477992034686994,0.0019507965313005915
8,0.125,12.5,0.0,mixed_signs,existing_nominal_decoder,1,32,0,0.0,,,deterministic; no sampling interval,2.1015625,2.434205004494537,-0.0078125,5.92529296875,0.0,0.0
8,0.125,12.5,0.0,mixed_signs,oracle_exact_timing,1,32,1,1.0,,,deterministic; no sampling interval,3.469446951953614e-17,8.326672684688674e-17,-6.938893903907228e-18,6.885199551184368e-33,1.0,0.0
8,0.125,12.5,0.0,sparse_and_zeros,existing_nominal_decoder,1,32,0,0.0,,,deterministic; no sampling interval,0.4140625,1.1164223778576143,0.0390625,1.244873046875,0.0,0.0
8,0.125,12.5,0.0,sparse_and_zeros,oracle_exact_timing,1,32,1,1.0,,,deterministic; no sampling interval,0.0,0.0,0.0,0.0,1.0,0.0
8,0.125,12.5,0.0,boundary_values,existing_nominal_decoder,1,32,0,0.0,,,deterministic; no sampling interval,2.1328125,2.663088239009365,-0.007812500000000028,7.09197793359375,0.0,0.0
8,0.125,12.5,0.0,boundary_values,oracle_exact_timing,1,32,1,1.0,,,deterministic; no sampling interval,1.3877787807814457e-17,5.551115123125783e-17,-1.3877787807814457e-17,2.8888949165808538e-33,1.0,0.0
8,0.125,12.5,0.0,randomized_1,existing_nominal_decoder,1,32,0,0.0,,,deterministic; no sampling interval,2.4308082554720087,2.616056968985801,-0.35192131420137296,6.719905453589954,0.0,0.0
8,0.125,12.5,0.0,randomized_1,oracle_exact_timing,1,32,1,1.0,,,deterministic; no sampling interval,5.377642775528102e-17,1.0614466625631893e-16,-1.734723475976807e-18,1.1263680909127225e-32,1.0,0.0
8,0.125,12.5,0.0,randomized_2,existing_nominal_decoder,1,32,0,0.0,,,deterministic; no sampling interval,2.371770993150747,2.584266178515517,0.27313706636291946,6.603827824397851,0.0,0.0
8,0.125,12.5,0.0,randomized_2,oracle_exact_timing,1,32,1,1.0,,,deterministic; no sampling interval,3.122502256758253e-17,8.092071311423672e-17,-1.734723475976807e-17,6.247235257106096e-33,1.0,0.0
8,0.125,12.5,0.0,randomized_3,existing_nominal_decoder,1,32,0,0.0,,,deterministic; no sampling interval,1.7211759728483016,1.9904512530619953,0.13438702108648537,3.9438363193795687,0.0,0.0
8,0.125,12.5,0.0,randomized_3,oracle_exact_timing,1,32,1,1.0,,,deterministic; no sampling interval,3.165870343657673e-17,9.816143974602446e-17,-2.3852447794681098e-17,9.066728987214402e-33,1.0,0.0
8,0.125,12.5,0.0,POOLED_ALL_VECTORS,existing_nominal_decoder,6,192,0,0.0,,,deterministic; no sampling interval,1.862032120245176,2.3002852662098214,0.01317337887467195,5.291138768031014,0.0,0.0
8,0.125,12.5,0.0,POOLED_ALL_VECTORS,oracle_exact_timing,6,192,6,1.0,,,deterministic; no sampling interval,2.7538735181131813e-17,7.902041503034511e-17,-1.0625181290357943e-17,6.131331514115019e-33,1.0,0.0
8,0.125,12.5,0.45,mixed_signs,existing_nominal_decoder,2000,64000,0,0.0,1.0842021724855044e-19,0.001917047281252934,two-sided 95% Wilson interval; conditional on fixed vector panel and synthetic IID draws,2.10181172066039,2.435639910296307,-0.0076010109699791535,5.932283997260436,0.0,0.0
8,0.125,12.5,0.45,mixed_signs,oracle_exact_timing,2000,64000,1897,0.9485,0.9379251286390549,0.9573552799496612,two-sided 95% Wilson interval; conditional on fixed vector panel and synthetic IID draws,0.0634778168678772,0.07959675629393441,-0.000143988280563703,0.006335622879891048,0.9477992034686994,0.0007007965313006181
8,0.125,12.5,0.45,sparse_and_zeros,existing_nominal_decoder,2000,64000,0,0.0,1.0842021724855044e-19,0.001917047281252934,two-sided 95% Wilson interval; conditional on fixed vector panel and synthetic IID draws,0.4611715507412787,1.119417162097516,0.03911377208323965,1.2515648956318768,0.0,0.0
8,0.125,12.5,0.45,sparse_and_zeros,oracle_exact_timing,2000,64000,1883,0.9415,0.9303432888168623,0.9509639584337912,two-sided 95% Wilson interval; conditional on fixed vector panel and synthetic IID draws,0.06364290079157771,0.07982310814963928,-7.239986847288572e-05,0.006371723352928053,0.9477992034686994,0.006299203468699388
8,0.125,12.5,0.45,boundary_values,existing_nominal_decoder,2000,64000,0,0.0,1.0842021724855044e-19,0.001917047281252934,two-sided 95% Wilson interval; conditional on fixed vector panel and synthetic IID draws,2.1428967439067557,2.6642182780859107,-0.007568380596159456,7.098001752902208,0.0,0.0
8,0.125,12.5,0.45,boundary_values,oracle_exact_timing,2000,64000,1892,0.946,0.9352121487009426,0.9550778451241797,two-sided 95% Wilson interval; conditional on fixed vector panel and synthetic IID draws,0.06361567863384389,0.0797383591700853,-0.00024155862354266095,0.00635814757256892,0.9477992034686994,0.0017992034686994396
8,0.125,12.5,0.45,randomized_1,existing_nominal_decoder,2000,64000,0,0.0,1.0842021724855044e-19,0.001917047281252934,two-sided 95% Wilson interval; conditional on fixed vector panel and synthetic IID draws,2.430877681808291,2.617362845285969,-0.35172382282908915,6.726878616337955,0.0,0.0
8,0.125,12.5,0.45,randomized_1,oracle_exact_timing,2000,64000,1899,0.9495,0.9390120477558316,0.958264526738322,two-sided 95% Wilson interval; conditional on fixed vector panel and synthetic IID draws,0.06364460639825748,0.07963702267442141,-0.00022418158965612433,0.006342005123061168,0.9477992034686994,0.001700796531300619
8,0.125,12.5,0.45,randomized_2,existing_nominal_decoder,2000,64000,0,0.0,1.0842021724855044e-19,0.001917047281252934,two-sided 95% Wilson interval; conditional on fixed vector panel and synthetic IID draws,2.3714176375825704,2.5851978279132894,0.27371605772936286,6.608327329188686,0.0,0.0
8,0.125,12.5,0.45,randomized_2,oracle_exact_timing,2000,64000,1892,0.946,0.9352121487009426,0.9550778451241797,two-sided 95% Wilson interval; conditional on fixed vector panel and synthetic IID draws,0.06328549976271104,0.07935173481410816,-0.0005874965962003157,0.006296352665757998,0.9477992034686994,0.0017992034686994396
8,0.125,12.5,0.45,randomized_3,existing_nominal_decoder,2000,64000,0,0.0,1.0842021724855044e-19,0.001917047281252934,two-sided 95% Wilson interval; conditional on fixed vector panel and synthetic IID draws,1.7221274769541466,1.9923811247466923,0.13470017925993852,3.9514384079542344,0.0,0.0
8,0.125,12.5,0.45,randomized_3,oracle_exact_timing,2000,64000,1883,0.9415,0.9303432888168623,0.9509639584337912,two-sided 95% Wilson interval; conditional on fixed vector panel and synthetic IID draws,0.06363652523680144,0.07977499495347487,-0.00026614900794174153,0.006363978984532511,0.9477992034686994,0.006299203468699388
8,0.125,12.5,0.45,POOLED_ALL_VECTORS,existing_nominal_decoder,12000,384000,0,0.0,0.0,0.0003200191233674895,two-sided 95% Wilson interval; conditional on fixed vector panel and synthetic IID draws,1.8717171352755722,2.3016991625134846,0.013439465779552223,5.297638415474837,0.0,0.0
8,0.125,12.5,0.45,POOLED_ALL_VECTORS,oracle_exact_timing,12000,384000,11346,0.9455,0.9412940792677619,0.9494207836933176,two-sided 95% Wilson interval; conditional on fixed vector panel and synthetic IID draws,0.06355050461517812,0.07965381466969458,-0.0002559623277295719,0.006344664674720836,0.9477992034686994,0.0022992034686993845
0,0.0,0.0,0.45,mixed_signs,weak_zero_output_floor,1,32,0,0.0,,,deterministic; no sampling interval,1.078125,1.2507810060118438,0.0,1.564453125,0.0,0.0
0,0.0,0.0,0.45,sparse_and_zeros,weak_zero_output_floor,1,32,0,0.0,,,deterministic; no sampling interval,0.2109375,0.594571799701264,0.0234375,0.35296630859375,0.0,0.0
0,0.0,0.0,0.45,boundary_values,weak_zero_output_floor,1,32,0,0.0,,,deterministic; no sampling interval,1.09375,1.3833158533032144,0.0,1.91356275,0.0,0.0
0,0.0,0.0,0.45,randomized_1,weak_zero_output_floor,1,32,0,0.0,,,deterministic; no sampling interval,1.2870382042993223,1.392051307140276,-0.1724375085197235,1.9080721473664617,0.0,0.0
0,0.0,0.0,0.45,randomized_2,weak_zero_output_floor,1,32,0,0.0,,,deterministic; no sampling interval,1.256881485817702,1.3640230525371104,0.13895177604931946,1.8412512917853967,0.0,0.0
0,0.0,0.0,0.45,randomized_3,weak_zero_output_floor,1,32,0,0.0,,,deterministic; no sampling interval,0.9339752466575526,1.0652142564016696,0.06655870810888001,1.130251350416239,0.0,0.0
0,0.0,0.0,0.45,POOLED_ALL_VECTORS,weak_zero_output_floor,6,192,0,0.0,,,deterministic; no sampling interval,0.9767845727957628,1.2086203320042908,0.009418412606412676,1.460674400438137,0.0,0.0
