cfo_cycles_per_symbol,relative_cfo_to_carrier,phase_drift_deg_per_symbol,phase_drift_deg_over_32_symbols,noise_std,vector_pattern,method,frames,components,frames_passing,frame_pass_share,wilson95_lower,wilson95_upper,uncertainty_kind,empirical_mae,empirical_rmse,empirical_mean_bias,empirical_variance,theory_frame_pass_probability,abs_pass_probability_gap
-0.05,-0.0125,-18.0,-576.0,0.0,mixed_signs,nominal_existing_decoder,1,32,0,0.0,,,deterministic; no sampling interval,1.0631937168710328,1.4953375123130677,-0.6276144334239658,1.8421343986885483,0.0,0.0
-0.05,-0.0125,-18.0,-576.0,0.0,mixed_signs,oracle_known_frequency,1,32,1,1.0,,,deterministic; no sampling interval,5.204170427930421e-17,1.0198049666328888e-16,-1.0408340855860843e-17,1.0291688140319292e-32,1.0,0.0
-0.05,-0.0125,-18.0,-576.0,0.0,sparse_and_zeros,nominal_existing_decoder,1,32,0,0.0,,,deterministic; no sampling interval,0.1403167119178596,0.5344923545366991,0.05207774716903112,0.2829699853079828,0.0,0.0
-0.05,-0.0125,-18.0,-576.0,0.0,sparse_and_zeros,oracle_known_frequency,1,32,1,1.0,,,deterministic; no sampling interval,0.0,0.0,0.0,0.0,1.0,0.0
-0.05,-0.0125,-18.0,-576.0,0.0,boundary_values,nominal_existing_decoder,1,32,0,0.0,,,deterministic; no sampling interval,1.2017429075681973,1.867329549401209,-0.6003789351132875,3.126464780339157,0.0,0.0
-0.05,-0.0125,-18.0,-576.0,0.0,boundary_values,oracle_known_frequency,1,32,1,1.0,,,deterministic; no sampling interval,4.857903359092863e-17,1.4152622686624268e-16,-3.468769325595811e-17,1.882643682757575e-32,1.0,0.0
-0.05,-0.0125,-18.0,-576.0,0.0,randomized_1,nominal_existing_decoder,1,32,0,0.0,,,deterministic; no sampling interval,1.460806644083797,1.9240134236983626,-0.2945806978759253,3.6150498670104274,0.0,0.0
-0.05,-0.0125,-18.0,-576.0,0.0,randomized_1,oracle_known_frequency,1,32,1,1.0,,,deterministic; no sampling interval,1.0061396160665481e-16,1.576213700060856e-16,-1.734723475976807e-17,2.4543569728784837e-32,1.0,0.0
-0.05,-0.0125,-18.0,-576.0,0.0,randomized_2,nominal_existing_decoder,1,32,0,0.0,,,deterministic; no sampling interval,1.2830005350314695,1.6544340671970788,0.24623594012430927,2.676519944493365,0.0,0.0
-0.05,-0.0125,-18.0,-576.0,0.0,randomized_2,oracle_known_frequency,1,32,1,1.0,,,deterministic; no sampling interval,9.063930161978817e-17,1.3599612493447625e-16,-1.3444106938820255e-17,1.831420198581124e-32,1.0,0.0
-0.05,-0.0125,-18.0,-576.0,0.0,randomized_3,nominal_existing_decoder,1,32,0,0.0,,,deterministic; no sampling interval,0.9622233442898513,1.3006065085314065,0.038992680306531774,1.6900568609167683,0.0,0.0
-0.05,-0.0125,-18.0,-576.0,0.0,randomized_3,oracle_known_frequency,1,32,1,1.0,,,deterministic; no sampling interval,7.871307772244762e-17,1.1737939455549257e-16,-1.6263032587282567e-17,1.3513436037278984e-32,1.0,0.0
-0.05,-0.0125,-18.0,-576.0,0.0,POOLED_ALL_VECTORS,nominal_existing_decoder,6,192,0,0.0,,,deterministic; no sampling interval,1.018547309960368,1.5351000524484693,-0.1975446164688844,2.3175082955314545,0.0,0.0
-0.05,-0.0125,-18.0,-576.0,0.0,POOLED_ALL_VECTORS,oracle_known_frequency,6,192,6,1.0,,,deterministic; no sampling interval,6.176451313652058e-17,1.2079394240930108e-16,-1.5358401399614974e-17,1.435529602922985e-32,1.0,0.0
-0.05,-0.0125,-18.0,-576.0,0.45,mixed_signs,nominal_existing_decoder,2000,64000,0,0.0,1.0842021724855044e-19,0.001917047281252934,two-sided 95% Wilson interval; conditional on fixed vector panel and synthetic IID draws,1.0701815292658126,1.4974846407584657,-0.6276898495950811,1.8484657020228155,0.0,0.0
-0.05,-0.0125,-18.0,-576.0,0.45,mixed_signs,oracle_known_frequency,2000,64000,1903,0.9515,0.9411889997479057,0.9600799065571228,two-sided 95% Wilson interval; conditional on fixed vector panel and synthetic IID draws,0.06352729166080139,0.07960865765221477,-0.0004186724036316978,0.00633736308660597,0.94791344797098,0.0035865520290200292
-0.05,-0.0125,-18.0,-576.0,0.45,sparse_and_zeros,nominal_existing_decoder,2000,64000,0,0.0,1.0842021724855044e-19,0.001917047281252934,two-sided 95% Wilson interval; conditional on fixed vector panel and synthetic IID draws,0.1950965006990982,0.540166951449231,0.0519984396471869,0.2890764977122138,0.0,0.0
-0.05,-0.0125,-18.0,-576.0,0.45,sparse_and_zeros,oracle_known_frequency,2000,64000,1890,0.945,0.9341286162883299,0.9541652116313549,two-sided 95% Wilson interval; conditional on fixed vector panel and synthetic IID draws,0.06345627558908477,0.07956561702725916,0.0001234283744710969,0.006330672178364846,0.94791344797098,0.002913447970980032
-0.05,-0.0125,-18.0,-576.0,0.45,boundary_values,nominal_existing_decoder,2000,64000,0,0.0,1.0842021724855044e-19,0.001917047281252934,two-sided 95% Wilson interval; conditional on fixed vector panel and synthetic IID draws,1.222136315649829,1.8692453978396057,-0.6002462418639682,3.133782806472728,0.0,0.0
-0.05,-0.0125,-18.0,-576.0,0.45,boundary_values,oracle_known_frequency,2000,64000,1898,0.949,0.9384684614587503,0.9578100300826845,two-sided 95% Wilson interval; conditional on fixed vector panel and synthetic IID draws,0.0630141415326237,0.07895936384810022,-5.8841455400683724e-05,0.006234577676979804,0.94791344797098,0.0010865520290199715
-0.05,-0.0125,-18.0,-576.0,0.45,randomized_1,nominal_existing_decoder,2000,64000,0,0.0,1.0842021724855044e-19,0.001917047281252934,two-sided 95% Wilson interval; conditional on fixed vector panel and synthetic IID draws,1.4662787696992912,1.9251378980310951,-0.2949743414734246,3.619146064307903,0.0,0.0
-0.05,-0.0125,-18.0,-576.0,0.45,randomized_1,oracle_known_frequency,2000,64000,1883,0.9415,0.9303432888168623,0.9509639584337912,two-sided 95% Wilson interval; conditional on fixed vector panel and synthetic IID draws,0.06336804037996974,0.07940240012889278,-0.0005700806802065978,0.006304416154246847,0.94791344797098,0.00641344797097998
-0.05,-0.0125,-18.0,-576.0,0.45,randomized_2,nominal_existing_decoder,2000,64000,0,0.0,1.0842021724855044e-19,0.001917047281252934,two-sided 95% Wilson interval; conditional on fixed vector panel and synthetic IID draws,1.2894539674973666,1.6563507291389283,0.246102493362679,2.682931300679732,0.0,0.0
-0.05,-0.0125,-18.0,-576.0,0.45,randomized_2,oracle_known_frequency,2000,64000,1889,0.9445,0.9335871935538151,0.9537085514131509,two-sided 95% Wilson interval; conditional on fixed vector panel and synthetic IID draws,0.0632515843955371,0.07931666644618951,0.00013141668580234366,0.006291116305790778,0.94791344797098,0.003413447970979977
-0.05,-0.0125,-18.0,-576.0,0.45,randomized_3,nominal_existing_decoder,2000,64000,0,0.0,1.0842021724855044e-19,0.001917047281252934,two-sided 95% Wilson interval; conditional on fixed vector panel and synthetic IID draws,0.969354753725274,1.3031133768180776,0.03882061595460525,1.696597432619118,0.0,0.0
-0.05,-0.0125,-18.0,-576.0,0.45,randomized_3,oracle_known_frequency,2000,64000,1870,0.935,0.9233400064867132,0.9449921623785968,two-sided 95% Wilson interval; conditional on fixed vector panel and synthetic IID draws,0.0636418830761766,0.07973688506502973,3.4752019294439913e-06,0.006357970827796731,0.94791344797098,0.01291344797097993
-0.05,-0.0125,-18.0,-576.0,0.45,POOLED_ALL_VECTORS,nominal_existing_decoder,12000,384000,0,0.0,0.0,0.0003200191233674895,two-sided 95% Wilson interval; conditional on fixed vector panel and synthetic IID draws,1.035416972756112,1.5371010094377267,-0.19766481399466715,2.3236081345229316,0.0,0.0
-0.05,-0.0125,-18.0,-576.0,0.45,POOLED_ALL_VECTORS,oracle_known_frequency,12000,384000,11333,0.9444166666666667,0.9401733162883609,0.9483755733808193,two-sided 95% Wilson interval; conditional on fixed vector panel and synthetic IID draws,0.06337653610569889,0.07943199658371441,-0.00013154571283934913,0.006309424777000653,0.94791344797098,0.003496781304313301
-0.025,-0.00625,-9.0,-288.0,0.0,mixed_signs,nominal_existing_decoder,1,32,0,0.0,,,deterministic; no sampling interval,1.254046043498946,1.6888933154625103,-0.13099534813895278,2.8352008497799046,0.0,0.0
-0.025,-0.00625,-9.0,-288.0,0.0,mixed_signs,oracle_known_frequency,1,32,1,1.0,,,deterministic; no sampling interval,6.938893903907228e-17,1.2412670766236366e-16,-2.7755575615628914e-17,1.4637067577342992e-32,1.0,0.0
-0.025,-0.00625,-9.0,-288.0,0.0,sparse_and_zeros,nominal_existing_decoder,1,32,0,0.0,,,deterministic; no sampling interval,0.17776586545707207,0.7162846009544082,-0.07773753456571415,0.5070205052840602,0.0,0.0
-0.025,-0.00625,-9.0,-288.0,0.0,sparse_and_zeros,oracle_known_frequency,1,32,1,1.0,,,deterministic; no sampling interval,0.0,0.0,0.0,0.0,1.0,0.0
-0.025,-0.00625,-9.0,-288.0,0.0,boundary_values,nominal_existing_decoder,1,32,0,0.0,,,deterministic; no sampling interval,1.2856834331316387,1.8506018057060656,-0.12831266232519334,3.4082629039695718,0.0,0.0
-0.025,-0.00625,-9.0,-288.0,0.0,boundary_values,oracle_known_frequency,1,32,1,1.0,,,deterministic; no sampling interval,3.470802204669221e-17,8.777085345537447e-17,6.952446431063297e-18,7.655386204908016e-33,1.0,0.0
-0.025,-0.00625,-9.0,-288.0,0.0,randomized_1,nominal_existing_decoder,1,32,0,0.0,,,deterministic; no sampling interval,1.46387564453466,1.7545430049065989,-0.1818164868303214,3.045363921183357,0.0,0.0
-0.025,-0.00625,-9.0,-288.0,0.0,randomized_1,oracle_known_frequency,1,32,1,1.0,,,deterministic; no sampling interval,7.979727989493313e-17,1.3947004136484323e-16,-2.0816681711721685e-17,1.9018558200823954e-32,1.0,0.0
-0.025,-0.00625,-9.0,-288.0,0.0,randomized_2,nominal_existing_decoder,1,32,0,0.0,,,deterministic; no sampling interval,1.4318468896039298,1.8060179184451162,-0.09502808187193118,3.252670385400572,0.0,0.0
-0.025,-0.00625,-9.0,-288.0,0.0,randomized_2,oracle_known_frequency,1,32,1,1.0,,,deterministic; no sampling interval,9.71445146547012e-17,1.642041997679149e-16,-4.163336342344337e-17,2.522968227147279e-32,1.0,0.0
-0.025,-0.00625,-9.0,-288.0,0.0,randomized_3,nominal_existing_decoder,1,32,0,0.0,,,deterministic; no sampling interval,1.132716774236513,1.4633821255322605,-0.10079041590883513,2.131328537388241,0.0,0.0
-0.025,-0.00625,-9.0,-288.0,0.0,randomized_3,oracle_known_frequency,1,32,1,1.0,,,deterministic; no sampling interval,9.584347204771859e-17,1.4851907754329093e-16,-9.107298248878237e-18,2.197497351291604e-32,1.0,0.0
-0.025,-0.00625,-9.0,-288.0,0.0,POOLED_ALL_VECTORS,nominal_existing_decoder,6,192,0,0.0,,,deterministic; no sampling interval,1.1243224417437931,1.5953975694164626,-0.11911342160682466,2.531105397293072,0.0,0.0
-0.025,-0.00625,-9.0,-288.0,0.0,POOLED_ALL_VECTORS,oracle_known_frequency,6,192,6,1.0,,,deterministic; no sampling interval,6.28137046138529e-17,1.2354755516630371e-16,-1.539341209476815e-17,1.5027041251651505e-32,1.0,0.0
-0.025,-0.00625,-9.0,-288.0,0.45,mixed_signs,nominal_existing_decoder,2000,64000,0,0.0,1.0842021724855044e-19,0.001917047281252934,two-sided 95% Wilson interval; conditional on fixed vector panel and synthetic IID draws,1.258055651455356,1.690721404635635,-0.13095664692378362,2.8413892247195736,0.0,0.0
-0.025,-0.00625,-9.0,-288.0,0.45,mixed_signs,oracle_known_frequency,2000,64000,1891,0.9455,0.9346702670259668,0.9546216438464368,two-sided 95% Wilson interval; conditional on fixed vector panel and synthetic IID draws,0.06346630779975711,0.07948655027135476,-0.00048197859155495084,0.006317879370677888,0.9480380035875008,0.002538003587500781
-0.025,-0.00625,-9.0,-288.0,0.45,sparse_and_zeros,nominal_existing_decoder,2000,64000,0,0.0,1.0842021724855044e-19,0.001917047281252934,two-sided 95% Wilson interval; conditional on fixed vector panel and synthetic IID draws,0.2330120783110685,0.7210255685175465,-0.07770754688813139,0.5138394076126799,0.0,0.0
-0.025,-0.00625,-9.0,-288.0,0.45,sparse_and_zeros,oracle_known_frequency,2000,64000,1904,0.952,0.9417339082484883,0.9605330810092589,two-sided 95% Wilson interval; conditional on fixed vector panel and synthetic IID draws,0.06325647965041041,0.07917602025162987,0.0007599264053071766,0.006268264694745019,0.9480380035875008,0.003961996412499169
-0.025,-0.00625,-9.0,-288.0,0.45,boundary_values,nominal_existing_decoder,2000,64000,0,0.0,1.0842021724855044e-19,0.001917047281252934,two-sided 95% Wilson interval; conditional on fixed vector panel and synthetic IID draws,1.3049980229241502,1.8520851627907322,-0.1282369676991771,3.413774730344893,0.0,0.0
-0.025,-0.00625,-9.0,-288.0,0.45,boundary_values,oracle_known_frequency,2000,64000,1894,0.947,0.9362966169363569,0.9559895427942029,two-sided 95% Wilson interval; conditional on fixed vector panel and synthetic IID draws,0.06358150368946847,0.07968043312698171,-0.0005435198252093938,0.00634867600950301,0.9480380035875008,0.0010380035875008353
-0.025,-0.00625,-9.0,-288.0,0.45,randomized_1,nominal_existing_decoder,2000,64000,0,0.0,1.0842021724855044e-19,0.001917047281252934,two-sided 95% Wilson interval; conditional on fixed vector panel and synthetic IID draws,1.4685104563879137,1.7561374094151692,-0.18210048626854927,3.0508580136481793,0.0,0.0
-0.025,-0.00625,-9.0,-288.0,0.45,randomized_1,oracle_known_frequency,2000,64000,1859,0.9295,0.9174382310555769,0.9399150253298267,two-sided 95% Wilson interval; conditional on fixed vector panel and synthetic IID draws,0.0635795896495402,0.07973533766115987,0.0003426046563100631,0.006357606693988655,0.9480380035875008,0.018538003587500795
-0.025,-0.00625,-9.0,-288.0,0.45,randomized_2,nominal_existing_decoder,2000,64000,0,0.0,1.0842021724855044e-19,0.001917047281252934,two-sided 95% Wilson interval; conditional on fixed vector panel and synthetic IID draws,1.4350393968110047,1.807826101251212,-0.09524240530835808,3.2591640965962365,0.0,0.0
-0.025,-0.00625,-9.0,-288.0,0.45,randomized_2,oracle_known_frequency,2000,64000,1891,0.9455,0.9346702670259668,0.9546216438464368,two-sided 95% Wilson interval; conditional on fixed vector panel and synthetic IID draws,0.06338938531948882,0.07932425344522485,0.0003828739227231793,0.006292190592201564,0.9480380035875008,0.002538003587500781
-0.025,-0.00625,-9.0,-288.0,0.45,randomized_3,nominal_existing_decoder,2000,64000,0,0.0,1.0842021724855044e-19,0.001917047281252934,two-sided 95% Wilson interval; conditional on fixed vector panel and synthetic IID draws,1.137500234664617,1.4656584936320796,-0.1005687636387036,2.1380407437360396,0.0,0.0
-0.025,-0.00625,-9.0,-288.0,0.45,randomized_3,oracle_known_frequency,2000,64000,1893,0.9465,0.935754264314357,0.955533812463484,two-sided 95% Wilson interval; conditional on fixed vector panel and synthetic IID draws,0.06346061363604591,0.07953446685016645,-3.152389903708824e-05,0.006325730423384014,0.9480380035875008,0.0015380035875007803
-0.025,-0.00625,-9.0,-288.0,0.45,POOLED_ALL_VECTORS,nominal_existing_decoder,12000,384000,0,0.0,0.0,0.0003200191233674895,two-sided 95% Wilson interval; conditional on fixed vector panel and synthetic IID draws,1.1395193067590184,1.5973438797916557,-0.11913546945445051,2.537314210225727,0.0,0.0
-0.025,-0.00625,-9.0,-288.0,0.45,POOLED_ALL_VECTORS,oracle_known_frequency,12000,384000,11332,0.9443333333333334,0.9400871219434143,0.9482951543956198,two-sided 95% Wilson interval; conditional on fixed vector panel and synthetic IID draws,0.06345564662411848,0.07948974562163368,7.139711142316439e-05,0.006318614561444511,0.9480380035875008,0.0037046702541674303
-0.01,-0.0025,-3.6,-115.2,0.0,mixed_signs,nominal_existing_decoder,1,32,0,0.0,,,deterministic; no sampling interval,0.5439790112802751,0.799311601574715,-0.18775033440352762,0.6036488483432995,0.0,0.0
-0.01,-0.0025,-3.6,-115.2,0.0,mixed_signs,oracle_known_frequency,1,32,1,1.0,,,deterministic; no sampling interval,5.898059818321144e-17,1.1274368112207335e-16,3.469446951953614e-18,1.2699100570803336e-32,1.0,0.0
-0.01,-0.0025,-3.6,-115.2,0.0,sparse_and_zeros,nominal_existing_decoder,1,32,0,0.0,,,deterministic; no sampling interval,0.12267386694374277,0.4753782807844406,0.015008820166285821,0.2257592451587866,0.0,0.0
-0.01,-0.0025,-3.6,-115.2,0.0,sparse_and_zeros,oracle_known_frequency,1,32,1,1.0,,,deterministic; no sampling interval,1.3877787807814457e-17,7.850462293418876e-17,-1.3877787807814457e-17,5.970382827600431e-33,1.0,0.0
-0.01,-0.0025,-3.6,-115.2,0.0,boundary_values,nominal_existing_decoder,1,32,0,0.0,,,deterministic; no sampling interval,0.6321655005504526,1.053181685393281,-0.17507592160362448,1.0785400841224733,0.0,0.0
-0.01,-0.0025,-3.6,-115.2,0.0,boundary_values,oracle_known_frequency,1,32,1,1.0,,,deterministic; no sampling interval,4.1653692214177473e-17,1.1102232231484858e-16,1.3871011544236422e-17,1.2133551090921785e-32,1.0,0.0
-0.01,-0.0025,-3.6,-115.2,0.0,randomized_1,nominal_existing_decoder,1,32,0,0.0,,,deterministic; no sampling interval,0.6653263963501435,0.9193061965144652,-0.20060859526895813,0.804880074454108,0.0,0.0
-0.01,-0.0025,-3.6,-115.2,0.0,randomized_1,oracle_known_frequency,1,32,1,1.0,,,deterministic; no sampling interval,1.4311468676808659e-16,2.086865852599452e-16,5.811323644522304e-17,4.017294261731797e-32,1.0,0.0
-0.01,-0.0025,-3.6,-115.2,0.0,randomized_2,nominal_existing_decoder,1,32,0,0.0,,,deterministic; no sampling interval,0.6172338893431858,0.8586327323919569,0.03911606642495878,0.7357201024823161,0.0,0.0
-0.01,-0.0025,-3.6,-115.2,0.0,randomized_2,oracle_known_frequency,1,32,1,1.0,,,deterministic; no sampling interval,9.020562075079397e-17,1.415262216750919e-16,-3.469446951953614e-17,1.882596520638523e-32,1.0,0.0
-0.01,-0.0025,-3.6,-115.2,0.0,randomized_3,nominal_existing_decoder,1,32,0,0.0,,,deterministic; no sampling interval,0.4930083112475397,0.6891202392671567,-0.05687169451547234,0.47165231453056217,0.0,0.0
-0.01,-0.0025,-3.6,-115.2,0.0,randomized_3,oracle_known_frequency,1,32,1,1.0,,,deterministic; no sampling interval,9.259086553026208e-17,1.3277718988963606e-16,-2.667137344314341e-17,1.6918419993644855e-32,1.0,0.0
-0.01,-0.0025,-3.6,-115.2,0.0,POOLED_ALL_VECTORS,nominal_existing_decoder,6,192,0,0.0,,,deterministic; no sampling interval,0.5123978292858898,0.8196885551795198,-0.09436360986672299,0.6629848366252096,0.0,0.0
-0.01,-0.0025,-3.6,-115.2,0.0,POOLED_ALL_VECTORS,oracle_known_frequency,6,192,6,1.0,,,deterministic; no sampling interval,7.340387520905767e-17,1.36875621125683e-16,3.501069515317775e-20,1.8734934432792748e-32,1.0,0.0
-0.01,-0.0025,-3.6,-115.2,0.45,mixed_signs,nominal_existing_decoder,2000,64000,0,0.0,1.0842021724855044e-19,0.001917047281252934,two-sided 95% Wilson interval; conditional on fixed vector panel and synthetic IID draws,0.5565026589138384,0.8033050988119498,-0.18760471833276612,0.6101035514365599,0.0,0.0
-0.01,-0.0025,-3.6,-115.2,0.45,mixed_signs,oracle_known_frequency,2000,64000,1888,0.944,0.9330459959530119,0.9532516660612355,two-sided 95% Wilson interval; conditional on fixed vector panel and synthetic IID draws,0.0636528788852766,0.07987266388817184,0.0003147494111203302,0.0063795433694010684,0.9480095771880352,0.004009577188035296
-0.01,-0.0025,-3.6,-115.2,0.45,sparse_and_zeros,nominal_existing_decoder,2000,64000,0,0.0,1.0842021724855044e-19,0.001917047281252934,two-sided 95% Wilson interval; conditional on fixed vector panel and synthetic IID draws,0.17918139889638315,0.48107613811186795,0.015333695621532098,0.2311991284392153,0.0,0.0
-0.01,-0.0025,-3.6,-115.2,0.45,sparse_and_zeros,oracle_known_frequency,2000,64000,1899,0.9495,0.9390120477558316,0.958264526738322,two-sided 95% Wilson interval; conditional on fixed vector panel and synthetic IID draws,0.06349879446038964,0.07940756577374188,0.0004953348911764969,0.006305316145456724,0.9480095771880352,0.0014904228119647644
-0.01,-0.0025,-3.6,-115.2,0.45,boundary_values,nominal_existing_decoder,2000,64000,0,0.0,1.0842021724855044e-19,0.001917047281252934,two-sided 95% Wilson interval; conditional on fixed vector panel and synthetic IID draws,0.6570558219098204,1.05578613382369,-0.17490882804895902,1.0840912622449146,0.0,0.0
-0.01,-0.0025,-3.6,-115.2,0.45,boundary_values,oracle_known_frequency,2000,64000,1898,0.949,0.9384684614587503,0.9578100300826845,two-sided 95% Wilson interval; conditional on fixed vector panel and synthetic IID draws,0.06325585761538449,0.07933066667881383,3.877679939661692e-05,0.0062933531720648925,0.9480095771880352,0.0009904228119647085
-0.01,-0.0025,-3.6,-115.2,0.45,randomized_1,nominal_existing_decoder,2000,64000,0,0.0,1.0842021724855044e-19,0.001917047281252934,two-sided 95% Wilson interval; conditional on fixed vector panel and synthetic IID draws,0.6741255845098734,0.9229889858750159,-0.20070157378364478,0.8116275463273583,0.0,0.0
-0.01,-0.0025,-3.6,-115.2,0.45,randomized_1,oracle_known_frequency,2000,64000,1892,0.946,0.9352121487009426,0.9550778451241797,two-sided 95% Wilson interval; conditional on fixed vector panel and synthetic IID draws,0.06331301966976297,0.07944719336957536,3.866662708199778e-05,0.006311855039194649,0.9480095771880352,0.002009577188035294
-0.01,-0.0025,-3.6,-115.2,0.45,randomized_2,nominal_existing_decoder,2000,64000,0,0.0,1.0842021724855044e-19,0.001917047281252934,two-sided 95% Wilson interval; conditional on fixed vector panel and synthetic IID draws,0.6268047224809533,0.8623917267106475,0.039160323741300365,0.7421859593434488,0.0,0.0
-0.01,-0.0025,-3.6,-115.2,0.45,randomized_2,oracle_known_frequency,2000,64000,1892,0.946,0.9352121487009426,0.9550778451241797,two-sided 95% Wilson interval; conditional on fixed vector panel and synthetic IID draws,0.06334488939629722,0.07946530595626092,-0.00016600934298212366,0.0063147072916202,0.9480095771880352,0.002009577188035294
-0.01,-0.0025,-3.6,-115.2,0.45,randomized_3,nominal_existing_decoder,2000,64000,0,0.0,1.0842021724855044e-19,0.001917047281252934,two-sided 95% Wilson interval; conditional on fixed vector panel and synthetic IID draws,0.5035247013687885,0.6930591551074118,-0.05704123161027989,0.47707729037458185,0.0,0.0
-0.01,-0.0025,-3.6,-115.2,0.45,randomized_3,oracle_known_frequency,2000,64000,1908,0.954,0.9439163444279334,0.9623429766406889,two-sided 95% Wilson interval; conditional on fixed vector panel and synthetic IID draws,0.06340447336679698,0.07945212442870661,-3.9156761275399845e-05,0.006312638542982724,0.9480095771880352,0.005990422811964713
-0.01,-0.0025,-3.6,-115.2,0.45,POOLED_ALL_VECTORS,nominal_existing_decoder,12000,384000,0,0.0,0.0,0.0003200191233674895,two-sided 95% Wilson interval; conditional on fixed vector panel and synthetic IID draws,0.5328658146799428,0.8233444847729333,-0.0942937220688029,0.6690048345844184,0.0,0.0
-0.01,-0.0025,-3.6,-115.2,0.45,POOLED_ALL_VECTORS,oracle_known_frequency,12000,384000,11377,0.9480833333333333,0.9439684990745371,0.9519113771210715,two-sided 95% Wilson interval; conditional on fixed vector panel and synthetic IID draws,0.06341165223231798,0.07949611109531145,0.00011372693741965308,0.006319618745461806,0.9480095771880351,7.375614529814278e-05
-0.005,-0.00125,-1.8,-57.6,0.0,mixed_signs,nominal_existing_decoder,1,32,0,0.0,,,deterministic; no sampling interval,0.15681137251105742,0.23546653301186413,-0.059139863740816964,0.05194696468534491,0.0,0.0
-0.005,-0.00125,-1.8,-57.6,0.0,mixed_signs,oracle_known_frequency,1,32,1,1.0,,,deterministic; no sampling interval,5.551115123125783e-17,1.0749688212373146e-16,6.938893903907228e-18,1.1507431417713734e-32,1.0,0.0
-0.005,-0.00125,-1.8,-57.6,0.0,sparse_and_zeros,nominal_existing_decoder,1,32,0,0.0,,,deterministic; no sampling interval,0.037243575757501986,0.146326796625113,0.00676654132960245,0.021365745329001967,0.0,0.0
-0.005,-0.00125,-1.8,-57.6,0.0,sparse_and_zeros,oracle_known_frequency,1,32,1,1.0,,,deterministic; no sampling interval,6.938893903907228e-18,3.925231146709438e-17,-6.938893903907228e-18,1.4925957069001078e-33,1.0,0.0
-0.005,-0.00125,-1.8,-57.6,0.0,boundary_values,nominal_existing_decoder,1,32,0,0.0,,,deterministic; no sampling interval,0.18597431273009513,0.32149437261374264,-0.05491667905854265,0.100342789983485,0.0,0.0
-0.005,-0.00125,-1.8,-57.6,0.0,boundary_values,oracle_known_frequency,1,32,1,1.0,,,deterministic; no sampling interval,4.1640139687021405e-17,1.2412671358118616e-16,2.774879935205088e-17,1.4637445158985446e-32,1.0,0.0
-0.005,-0.00125,-1.8,-57.6,0.0,randomized_1,nominal_existing_decoder,1,32,0,0.0,,,deterministic; no sampling interval,0.19396937627623712,0.2790446413747069,-0.06222078849710837,0.07399448535873691,0.0,0.0
-0.005,-0.00125,-1.8,-57.6,0.0,randomized_1,oracle_known_frequency,1,32,1,1.0,,,deterministic; no sampling interval,1.6393136847980827e-16,2.2425620542765743e-16,-3.903127820947816e-17,4.876740499414601e-32,1.0,0.0
-0.005,-0.00125,-1.8,-57.6,0.0,randomized_2,nominal_existing_decoder,1,32,0,0.0,,,deterministic; no sampling interval,0.1776489660736686,0.2524956847654958,0.013781955413244049,0.06356412853018398,0.0,0.0
-0.005,-0.00125,-1.8,-57.6,0.0,randomized_2,oracle_known_frequency,1,32,1,1.0,,,deterministic; no sampling interval,1.3118846287074604e-16,2.0141103268298192e-16,-5.442694905877232e-17,3.760411130257901e-32,1.0,0.0
-0.005,-0.00125,-1.8,-57.6,0.0,randomized_3,nominal_existing_decoder,1,32,0,0.0,,,deterministic; no sampling interval,0.14235263705867565,0.20387973884935112,-0.016088608231747792,0.04130810459844496,0.0,0.0
-0.005,-0.00125,-1.8,-57.6,0.0,randomized_3,oracle_known_frequency,1,32,1,1.0,,,deterministic; no sampling interval,1.0343288725511712e-16,1.7860492528674188e-16,2.5370330836160804e-17,3.1256065649946395e-32,1.0,0.0
-0.005,-0.00125,-1.8,-57.6,0.0,POOLED_ALL_VECTORS,nominal_existing_decoder,6,192,0,0.0,,,deterministic; no sampling interval,0.14900004006787262,0.2461034951058577,-0.028636240464228208,0.05974689603539382,0.0,0.0
-0.005,-0.00125,-1.8,-57.6,0.0,POOLED_ALL_VECTORS,oracle_known_frequency,6,192,6,1.0,,,deterministic; no sampling interval,8.377381723797632e-17,1.5877695768079752e-16,-6.723182846673133e-18,2.5164921102779966e-32,1.0,0.0
-0.005,-0.00125,-1.8,-57.6,0.45,mixed_signs,nominal_existing_decoder,2000,64000,0,0.0,1.0842021724855044e-19,0.001917047281252934,two-sided 95% Wilson interval; conditional on fixed vector panel and synthetic IID draws,0.17989580922534618,0.24850929490683216,-0.05912480148599491,0.058261127504332565,1.986672799853188e-19,1.986672799853188e-19
-0.005,-0.00125,-1.8,-57.6,0.45,mixed_signs,oracle_known_frequency,2000,64000,1894,0.947,0.9362966169363569,0.9559895427942029,two-sided 95% Wilson interval; conditional on fixed vector panel and synthetic IID draws,0.06364168535207913,0.07975761230144765,7.470855260935738e-05,0.006361271138660201,0.9480884090118992,0.0010884090118992162
-0.005,-0.00125,-1.8,-57.6,0.45,sparse_and_zeros,nominal_existing_decoder,2000,64000,0,0.0,1.0842021724855044e-19,0.001917047281252934,two-sided 95% Wilson interval; conditional on fixed vector panel and synthetic IID draws,0.09596842063068838,0.16664690439970573,0.006490564056773397,0.02772906332422958,8.960640427419987e-11,8.960640427419987e-11
-0.005,-0.00125,-1.8,-57.6,0.45,sparse_and_zeros,oracle_known_frequency,2000,64000,1877,0.9385,0.9271069197684697,0.9482118297658714,two-sided 95% Wilson interval; conditional on fixed vector panel and synthetic IID draws,0.06357004571968958,0.07978175802616677,-6.0501814203010015e-05,0.006365125253276304,0.9480884090118992,0.009588409011899168
-0.005,-0.00125,-1.8,-57.6,0.45,boundary_values,nominal_existing_decoder,2000,64000,0,0.0,1.0842021724855044e-19,0.001917047281252934,two-sided 95% Wilson interval; conditional on fixed vector panel and synthetic IID draws,0.21557361840254066,0.3309712964034102,-0.05465956167587769,0.10655433136035493,5.716441229529666e-53,5.716441229529666e-53
-0.005,-0.00125,-1.8,-57.6,0.45,boundary_values,oracle_known_frequency,2000,64000,1898,0.949,0.9384684614587503,0.9578100300826845,two-sided 95% Wilson interval; conditional on fixed vector panel and synthetic IID draws,0.06288339811351673,0.07886648354834806,0.00013607929578200368,0.006219903709707117,0.9480884090118992,0.0009115909881007855
-0.005,-0.00125,-1.8,-57.6,0.45,randomized_1,nominal_existing_decoder,2000,64000,0,0.0,1.0842021724855044e-19,0.001917047281252934,two-sided 95% Wilson interval; conditional on fixed vector panel and synthetic IID draws,0.21114517772641203,0.2902842708836901,-0.06259877189745573,0.08034635167940589,7.532201756292665e-32,7.532201756292665e-32
-0.005,-0.00125,-1.8,-57.6,0.45,randomized_1,oracle_known_frequency,2000,64000,1892,0.946,0.9352121487009426,0.9550778451241797,two-sided 95% Wilson interval; conditional on fixed vector panel and synthetic IID draws,0.06340510236368659,0.0795376098711943,-0.00046032998405479765,0.006326019480328086,0.9480884090118992,0.002088409011899217
-0.005,-0.00125,-1.8,-57.6,0.45,randomized_2,nominal_existing_decoder,2000,64000,0,0.0,1.0842021724855044e-19,0.001917047281252934,two-sided 95% Wilson interval; conditional on fixed vector panel and synthetic IID draws,0.19676054395304746,0.2647416154532815,0.014018714582062297,0.06989159859427986,1.2488967531342186e-22,1.2488967531342186e-22
-0.005,-0.00125,-1.8,-57.6,0.45,randomized_2,oracle_known_frequency,2000,64000,1892,0.946,0.9352121487009426,0.9550778451241797,two-sided 95% Wilson interval; conditional on fixed vector panel and synthetic IID draws,0.06357577731061259,0.07961241247877886,0.00015311989712599617,0.006338112774988327,0.9480884090118992,0.002088409011899217
-0.005,-0.00125,-1.8,-57.6,0.45,randomized_3,nominal_existing_decoder,2000,64000,0,0.0,1.0842021724855044e-19,0.001917047281252934,two-sided 95% Wilson interval; conditional on fixed vector panel and synthetic IID draws,0.16511106720327384,0.21896768290676474,-0.016260848621883386,0.047682430959653674,1.6544210181527324e-11,1.6544210181527324e-11
-0.005,-0.00125,-1.8,-57.6,0.45,randomized_3,oracle_known_frequency,2000,64000,1899,0.9495,0.9390120477558316,0.958264526738322,two-sided 95% Wilson interval; conditional on fixed vector panel and synthetic IID draws,0.0637634914709525,0.07988328274602861,-0.0003586506481900732,0.006381210231994507,0.9480884090118992,0.0014115909881008415
-0.005,-0.00125,-1.8,-57.6,0.45,POOLED_ALL_VECTORS,nominal_existing_decoder,12000,384000,0,0.0,0.0,0.0003200191233674895,two-sided 95% Wilson interval; conditional on fixed vector panel and synthetic IID draws,0.17740910619021807,0.25864067303142657,-0.02868911750706267,0.06607193228281524,1.769176910908656e-11,1.769176910908656e-11
-0.005,-0.00125,-1.8,-57.6,0.45,POOLED_ALL_VECTORS,oracle_known_frequency,12000,384000,11352,0.946,0.9418115047536423,0.9499030381883137,two-sided 95% Wilson interval; conditional on fixed vector panel and synthetic IID draws,0.06347325005508953,0.07957390100618335,-8.592911682175395e-05,0.006331998337528748,0.9480884090118992,0.002088409011899217
-0.0025,-0.000625,-0.9,-28.8,0.0,mixed_signs,nominal_existing_decoder,1,32,1,1.0,,,deterministic; no sampling interval,0.0405670739872284,0.0612804616671336,-0.01563468071288064,0.0035108517411433088,1.0,0.0
-0.0025,-0.000625,-0.9,-28.8,0.0,mixed_signs,oracle_known_frequency,1,32,1,1.0,,,deterministic; no sampling interval,3.469446951953614e-17,8.326672684688674e-17,2.0816681711721685e-17,6.500013562306921e-33,1.0,0.0
-0.0025,-0.000625,-0.9,-28.8,0.0,sparse_and_zeros,nominal_existing_decoder,1,32,1,1.0,,,deterministic; no sampling interval,0.009763138626266267,0.0384959426551947,0.0019105469536717951,0.0014782874112498547,1.0,0.0
-0.0025,-0.000625,-0.9,-28.8,0.0,sparse_and_zeros,oracle_known_frequency,1,32,1,1.0,,,deterministic; no sampling interval,0.0,0.0,0.0,0.0,1.0,0.0
-0.0025,-0.000625,-0.9,-28.8,0.0,boundary_values,nominal_existing_decoder,1,32,1,1.0,,,deterministic; no sampling interval,0.04836360456519542,0.08439982889490792,-0.014503771618986526,0.006912971726314016,1.0,0.0
-0.0025,-0.000625,-0.9,-28.8,0.0,boundary_values,oracle_known_frequency,1,32,1,1.0,,,deterministic; no sampling interval,2.7755575615628914e-17,7.850462293418876e-17,1.3877787807814457e-17,5.970382827600431e-33,1.0,0.0
-0.0025,-0.000625,-0.9,-28.8,0.0,randomized_1,nominal_existing_decoder,1,32,1,1.0,,,deterministic; no sampling interval,0.050325529490720465,0.07316900698592979,-0.01638331607876991,0.005085290537570161,1.0,0.0
-0.0025,-0.000625,-0.9,-28.8,0.0,randomized_1,oracle_known_frequency,1,32,1,1.0,,,deterministic; no sampling interval,1.222980050563649e-16,1.8677099913453857e-16,1.474514954580286e-17,3.466598668258572e-32,1.0,0.0
-0.0025,-0.000625,-0.9,-28.8,0.0,randomized_2,nominal_existing_decoder,1,32,1,1.0,,,deterministic; no sampling interval,0.04593318074877923,0.06567356858437137,0.0037160340359498924,0.004299208701649793,1.0,0.0
-0.0025,-0.000625,-0.9,-28.8,0.0,randomized_2,oracle_known_frequency,1,32,1,1.0,,,deterministic; no sampling interval,1.222980050563649e-16,1.7003829948018586e-16,1.6479873021779667e-17,2.8641437075299397e-32,1.0,0.0
-0.0025,-0.000625,-0.9,-28.8,0.0,randomized_3,nominal_existing_decoder,1,32,1,1.0,,,deterministic; no sampling interval,0.03684009993865421,0.053122354524002297,-0.004144907401829143,0.0028048042928040494,1.0,0.0
-0.0025,-0.000625,-0.9,-28.8,0.0,randomized_3,oracle_known_frequency,1,32,1,1.0,,,deterministic; no sampling interval,6.245004513516506e-17,1.0927381047259614e-16,-1.0408340855860843e-17,1.183243209582908e-32,1.0,0.0
-0.0025,-0.000625,-0.9,-28.8,0.0,POOLED_ALL_VECTORS,nominal_existing_decoder,6,192,6,1.0,,,deterministic; no sampling interval,0.038632104559474,0.06435483592891546,-0.007506682470474088,0.004085194625725105,1.0,0.0
-0.0025,-0.000625,-0.9,-28.8,0.0,POOLED_ALL_VECTORS,oracle_known_frequency,6,192,6,1.0,,,deterministic; no sampling interval,6.158268339717665e-17,1.2167820859741844e-16,9.25185853854297e-18,1.4719989561059663e-32,1.0,0.0
-0.0025,-0.000625,-0.9,-28.8,0.45,mixed_signs,nominal_existing_decoder,2000,64000,1236,0.618,0.5964989200158695,0.6390486568257547,two-sided 95% Wilson interval; conditional on fixed vector panel and synthetic IID draws,0.07890319160166723,0.09981282035991848,-0.015468206495597667,0.009723333696010906,0.612107912894777,0.005892087105223043
-0.0025,-0.000625,-0.9,-28.8,0.45,mixed_signs,oracle_known_frequency,2000,64000,1897,0.9485,0.9379251286390549,0.9573552799496612,two-sided 95% Wilson interval; conditional on fixed vector panel and synthetic IID draws,0.06327932881165706,0.07935330642895098,9.998208530305648e-05,0.006296937244789612,0.9479300414582468,0.0005699585417532349
-0.0025,-0.000625,-0.9,-28.8,0.45,sparse_and_zeros,nominal_existing_decoder,2000,64000,1449,0.7245,0.7045036477617654,0.743635598008952,two-sided 95% Wilson interval; conditional on fixed vector panel and synthetic IID draws,0.06893664892529648,0.08820609218729003,0.0019823188534587653,0.00777638511091593,0.729747351621104,0.005247351621104013
-0.0025,-0.000625,-0.9,-28.8,0.45,sparse_and_zeros,oracle_known_frequency,2000,64000,1909,0.9545,0.9444626753715425,0.9627947286497985,two-sided 95% Wilson interval; conditional on fixed vector panel and synthetic IID draws,0.06338129409776438,0.07952979001292021,0.0001961698981877405,0.006324949016870229,0.9479300414582468,0.00656995854175324
-0.0025,-0.000625,-0.9,-28.8,0.45,boundary_values,nominal_existing_decoder,2000,64000,349,0.1745,0.15849452035891382,0.19175347742118176,two-sided 95% Wilson interval; conditional on fixed vector panel and synthetic IID draws,0.08882393277824911,0.11605068522624809,-0.014308764019202218,0.0132630208137245,0.17462297612073324,0.0001229761207332536
-0.0025,-0.000625,-0.9,-28.8,0.45,boundary_values,oracle_known_frequency,2000,64000,1896,0.948,0.9373820458455553,0.956900279790442,two-sided 95% Wilson interval; conditional on fixed vector panel and synthetic IID draws,0.06339970693750267,0.07938651631638262,0.00020589427148309016,0.0063021765804002535,0.9479300414582468,6.995854175317895e-05
-0.0025,-0.000625,-0.9,-28.8,0.45,randomized_1,nominal_existing_decoder,2000,64000,793,0.3965,0.3752796072642146,0.4181172215230047,two-sided 95% Wilson interval; conditional on fixed vector panel and synthetic IID draws,0.08488726943338436,0.10811669108286008,-0.015821019660406655,0.011438914227611622,0.3798991653955928,0.0166008346044072
-0.0025,-0.000625,-0.9,-28.8,0.45,randomized_1,oracle_known_frequency,2000,64000,1908,0.954,0.9439163444279334,0.9623429766406889,two-sided 95% Wilson interval; conditional on fixed vector panel and synthetic IID draws,0.06392505879050078,0.07992675297394633,0.0006077032520676214,0.006387916537715666,0.9479300414582468,0.006069958541753184
-0.0025,-0.000625,-0.9,-28.8,0.45,randomized_2,nominal_existing_decoder,2000,64000,1082,0.541,0.5191029354502809,0.5627398666726565,two-sided 95% Wilson interval; conditional on fixed vector panel and synthetic IID draws,0.08148067346770581,0.10311069478885525,0.003723140449972103,0.01061795360503024,0.5453832515150933,0.004383251515093223
-0.0025,-0.000625,-0.9,-28.8,0.45,randomized_2,oracle_known_frequency,2000,64000,1895,0.9475,0.9368392097083899,0.9564450329748887,two-sided 95% Wilson interval; conditional on fixed vector panel and synthetic IID draws,0.06336751224436842,0.07930648463901373,-0.0001468471774670137,0.00628949694170459,0.9479300414582468,0.000430041458246766
-0.0025,-0.000625,-0.9,-28.8,0.45,randomized_3,nominal_existing_decoder,2000,64000,1471,0.7355,0.7157315552920356,0.7543655154384943,two-sided 95% Wilson interval; conditional on fixed vector panel and synthetic IID draws,0.07650422278531825,0.09589547104734933,-0.004335062394718774,0.009177148601426911,0.7401360821973694,0.004636082197369329
-0.0025,-0.000625,-0.9,-28.8,0.45,randomized_3,oracle_known_frequency,2000,64000,1894,0.947,0.9362966169363569,0.9559895427942029,two-sided 95% Wilson interval; conditional on fixed vector panel and synthetic IID draws,0.06372308748653388,0.07971710175192429,-0.00020499025787139793,0.006354774290720828,0.9479300414582468,0.0009300414582468219
-0.0025,-0.000625,-0.9,-28.8,0.45,POOLED_ALL_VECTORS,nominal_existing_decoder,12000,384000,6380,0.5316666666666666,0.522729944607251,0.5405831208482691,two-sided 95% Wilson interval; conditional on fixed vector panel and synthetic IID draws,0.07992265649860354,0.10224777991605805,-0.007371265544415741,0.01040027294203635,0.5303161232907783,0.0013505433758883578
-0.0025,-0.000625,-0.9,-28.8,0.45,POOLED_ALL_VECTORS,oracle_known_frequency,12000,384000,11399,0.9499166666666666,0.9458681183808769,0.9536772510779462,two-sided 95% Wilson interval; conditional on fixed vector panel and synthetic IID draws,0.06351266472805453,0.07953696663820381,0.00012631867861718279,0.006326113105598177,0.9479300414582469,0.0019866252084197455
0.0,0.0,0.0,0.0,0.0,mixed_signs,nominal_existing_decoder,1,32,1,1.0,,,deterministic; no sampling interval,2.641116492174689e-16,4.498054681625773e-16,2.211772431870429e-17,2.0183576545991713e-31,1.0,0.0
0.0,0.0,0.0,0.0,0.0,mixed_signs,oracle_known_frequency,1,32,1,1.0,,,deterministic; no sampling interval,5.898059818321144e-17,1.2566871346510768e-16,-3.469446951953614e-18,1.5780588481822914e-32,1.0,0.0
0.0,0.0,0.0,0.0,0.0,sparse_and_zeros,nominal_existing_decoder,1,32,1,1.0,,,deterministic; no sampling interval,5.2909066017292616e-17,2.4001953974933623e-16,-3.0357660829594124e-17,5.668779189043852e-32,1.0,0.0
0.0,0.0,0.0,0.0,0.0,sparse_and_zeros,oracle_known_frequency,1,32,1,1.0,,,deterministic; no sampling interval,6.938893903907228e-18,3.925231146709438e-17,-6.938893903907228e-18,1.4925957069001078e-33,1.0,0.0
0.0,0.0,0.0,0.0,0.0,boundary_values,nominal_existing_decoder,1,32,1,1.0,,,deterministic; no sampling interval,2.8536201179818477e-16,5.417005641050231e-16,-3.903127820947816e-17,2.9191606047303454e-31,1.0,0.0
0.0,0.0,0.0,0.0,0.0,boundary_values,oracle_known_frequency,1,32,1,1.0,,,deterministic; no sampling interval,2.082345797529972e-17,8.77708450848964e-17,-6.945670167485263e-18,7.655478912841387e-33,1.0,0.0
0.0,0.0,0.0,0.0,0.0,randomized_1,nominal_existing_decoder,1,32,1,1.0,,,deterministic; no sampling interval,3.400058012914542e-16,4.90457592513324e-16,1.734723475976807e-17,2.4024772350015525e-31,1.0,0.0
0.0,0.0,0.0,0.0,0.0,randomized_1,oracle_known_frequency,1,32,1,1.0,,,deterministic; no sampling interval,1.196959198423997e-16,1.7526717494435863e-16,2.2551405187698492e-17,3.021001673703666e-32,1.0,0.0
0.0,0.0,0.0,0.0,0.0,randomized_2,nominal_existing_decoder,1,32,1,1.0,,,deterministic; no sampling interval,3.2677853478713104e-16,4.617510005821195e-16,-8.955509944730267e-17,2.051938707015722e-31,1.0,0.0
0.0,0.0,0.0,0.0,0.0,randomized_2,oracle_known_frequency,1,32,1,1.0,,,deterministic; no sampling interval,9.042246118529107e-17,1.4947338220452828e-16,1.3660947373317356e-17,2.2155670504524442e-32,1.0,0.0
0.0,0.0,0.0,0.0,0.0,randomized_3,nominal_existing_decoder,1,32,1,1.0,,,deterministic; no sampling interval,2.5240226575462543e-16,4.137379132610015e-16,5.0306980803327406e-17,1.6864826855202165e-31,1.0,0.0
0.0,0.0,0.0,0.0,0.0,randomized_3,oracle_known_frequency,1,32,1,1.0,,,deterministic; no sampling interval,5.2692225582795515e-17,9.718322844679898e-17,3.491130995403324e-17,8.225780328636138e-33,1.0,0.0
0.0,0.0,0.0,0.0,0.0,POOLED_ALL_VECTORS,nominal_existing_decoder,6,192,6,1.0,,,deterministic; no sampling interval,2.535948881443595e-16,4.4315451354733694e-16,-1.152868310076253e-17,1.9625301234333904e-31,1.0,0.0
0.0,0.0,0.0,0.0,0.0,POOLED_ALL_VECTORS,oracle_known_frequency,6,192,6,1.0,,,deterministic; no sampling interval,5.825892611215078e-17,1.2079082832068425e-16,8.961608581950498e-18,1.451011377802093e-32,1.0,0.0
0.0,0.0,0.0,0.0,0.45,mixed_signs,nominal_existing_decoder,2000,64000,1909,0.9545,0.9444626753715425,0.9627947286497985,two-sided 95% Wilson interval; conditional on fixed vector panel and synthetic IID draws,0.0635425626984745,0.07955353359806785,-0.00017490796903169573,0.006328734115141282,0.947799203468699,0.0067007965313010676
0.0,0.0,0.0,0.0,0.45,mixed_signs,oracle_known_frequency,2000,64000,1909,0.9545,0.9444626753715425,0.9627947286497985,two-sided 95% Wilson interval; conditional on fixed vector panel and synthetic IID draws,0.06354256269847453,0.07955353359806791,-0.00017490796903169757,0.006328734115141287,0.9477992034686994,0.0067007965313006235
0.0,0.0,0.0,0.0,0.45,sparse_and_zeros,nominal_existing_decoder,2000,64000,1877,0.9385,0.9271069197684697,0.9482118297658714,two-sided 95% Wilson interval; conditional on fixed vector panel and synthetic IID draws,0.06323333355039526,0.07931841619594458,-0.0003891367323987117,0.006291259720436583,0.9477992034686994,0.00929920346869939
0.0,0.0,0.0,0.0,0.45,sparse_and_zeros,oracle_known_frequency,2000,64000,1877,0.9385,0.9271069197684697,0.9482118297658714,two-sided 95% Wilson interval; conditional on fixed vector panel and synthetic IID draws,0.06323333355039523,0.07931841619594458,-0.00038913673239868033,0.0062912597204365815,0.9477992034686994,0.00929920346869939
0.0,0.0,0.0,0.0,0.45,boundary_values,nominal_existing_decoder,2000,64000,1893,0.9465,0.935754264314357,0.955533812463484,two-sided 95% Wilson interval; conditional on fixed vector panel and synthetic IID draws,0.06351232361108819,0.07971177095744893,0.0002492883949956904,0.006353904284468919,0.9477992034686991,0.0012992034686990506
0.0,0.0,0.0,0.0,0.45,boundary_values,oracle_known_frequency,2000,64000,1893,0.9465,0.935754264314357,0.955533812463484,two-sided 95% Wilson interval; conditional on fixed vector panel and synthetic IID draws,0.0635123236110882,0.07971177095744894,0.0002492883949957189,0.00635390428446892,0.9477992034686994,0.0012992034686993836
0.0,0.0,0.0,0.0,0.45,randomized_1,nominal_existing_decoder,2000,64000,1880,0.94,0.9287241955068138,0.9495888028856835,two-sided 95% Wilson interval; conditional on fixed vector panel and synthetic IID draws,0.06311651934075117,0.07919589690379034,-0.00027003230278728913,0.00627191716895124,0.9477992034686988,0.00779920346869889
0.0,0.0,0.0,0.0,0.45,randomized_1,oracle_known_frequency,2000,64000,1880,0.94,0.9287241955068138,0.9495888028856835,two-sided 95% Wilson interval; conditional on fixed vector panel and synthetic IID draws,0.06311651934075117,0.07919589690379034,-0.0002700323027872481,0.0062719171689512385,0.9477992034686994,0.007799203468699445
0.0,0.0,0.0,0.0,0.45,randomized_2,nominal_existing_decoder,2000,64000,1895,0.9475,0.9368392097083899,0.9564450329748887,two-sided 95% Wilson interval; conditional on fixed vector panel and synthetic IID draws,0.0631588405473647,0.07922507059973567,-0.0005934037256477402,0.006276259683551489,0.9477992034686987,0.0002992034686987166
0.0,0.0,0.0,0.0,0.45,randomized_2,oracle_known_frequency,2000,64000,1895,0.9475,0.9368392097083899,0.9564450329748887,two-sided 95% Wilson interval; conditional on fixed vector panel and synthetic IID draws,0.06315884054736472,0.0792250705997357,-0.000593403725647652,0.006276259683551493,0.9477992034686994,0.00029920346869938275
0.0,0.0,0.0,0.0,0.45,randomized_3,nominal_existing_decoder,2000,64000,1911,0.9555,0.9455562350551854,0.9636973348715931,two-sided 95% Wilson interval; conditional on fixed vector panel and synthetic IID draws,0.06362013365902272,0.07968782395047642,-0.0005034230403727055,0.0063498958512045465,0.9477992034686987,0.0077007965313012905
0.0,0.0,0.0,0.0,0.45,randomized_3,oracle_known_frequency,2000,64000,1911,0.9555,0.9455562350551854,0.9636973348715931,two-sided 95% Wilson interval; conditional on fixed vector panel and synthetic IID draws,0.06362013365902276,0.07968782395047645,-0.0005034230403727209,0.006349895851204551,0.9477992034686994,0.007700796531300624
0.0,0.0,0.0,0.0,0.45,POOLED_ALL_VECTORS,nominal_existing_decoder,12000,384000,11365,0.9470833333333334,0.9429329264995743,0.9509475897342814,two-sided 95% Wilson interval; conditional on fixed vector panel and synthetic IID draws,0.06336395223451609,0.07944903342063159,-0.0002802692292070753,0.006312070360631796,0.947799203468699,0.0007158701353655594
0.0,0.0,0.0,0.0,0.45,POOLED_ALL_VECTORS,oracle_known_frequency,12000,384000,11365,0.9470833333333334,0.9429329264995743,0.9509475897342814,two-sided 95% Wilson interval; conditional on fixed vector panel and synthetic IID draws,0.0633639522345161,0.0794490334206316,-0.0002802692292070467,0.0063120703606317965,0.9477992034686994,0.0007158701353660035
0.0025,0.000625,0.9,28.8,0.0,mixed_signs,nominal_existing_decoder,1,32,1,1.0,,,deterministic; no sampling interval,0.04081111634048058,0.06148858862187394,-0.01563085056629332,0.0035365230412842535,1.0,0.0
0.0025,0.000625,0.9,28.8,0.0,mixed_signs,oracle_known_frequency,1,32,1,1.0,,,deterministic; no sampling interval,5.204170427930421e-17,1.0198049666328888e-16,3.469446951953614e-18,1.0387984637538653e-32,1.0,0.0
0.0025,0.000625,0.9,28.8,0.0,sparse_and_zeros,nominal_existing_decoder,1,32,1,1.0,,,deterministic; no sampling interval,0.009801906146347556,0.038590095992370343,0.0019158298961909678,0.0014855251045092187,1.0,0.0
0.0025,0.000625,0.9,28.8,0.0,sparse_and_zeros,oracle_known_frequency,1,32,1,1.0,,,deterministic; no sampling interval,0.0,0.0,0.0,0.0,1.0,0.0
0.0025,0.000625,0.9,28.8,0.0,boundary_values,nominal_existing_decoder,1,32,1,1.0,,,deterministic; no sampling interval,0.048609570878529594,0.08463313027055604,-0.01450021862115109,0.006952510399331731,1.0,0.0
0.0025,0.000625,0.9,28.8,0.0,boundary_values,oracle_known_frequency,1,32,1,1.0,,,deterministic; no sampling interval,1.3891340334970526e-17,5.551117770103112e-17,-1.3864235280658388e-17,2.8892738298380017e-33,1.0,0.0
0.0025,0.000625,0.9,28.8,0.0,randomized_1,nominal_existing_decoder,1,32,1,1.0,,,deterministic; no sampling interval,0.050619491853579224,0.07338801336453055,-0.016421620375262846,0.005116130889843266,1.0,0.0
0.0025,0.000625,0.9,28.8,0.0,randomized_1,oracle_known_frequency,1,32,1,1.0,,,deterministic; no sampling interval,1.1449174941446927e-16,1.5202354861220294e-16,2.42861286636753e-17,2.252134328717824e-32,1.0,0.0
0.0025,0.000625,0.9,28.8,0.0,randomized_2,nominal_existing_decoder,1,32,1,1.0,,,deterministic; no sampling interval,0.046223913661622575,0.06589848406576063,0.003749222881158105,0.004328553529952707,1.0,0.0
0.0025,0.000625,0.9,28.8,0.0,randomized_2,oracle_known_frequency,1,32,1,1.0,,,deterministic; no sampling interval,1.196959198423997e-16,1.668223237351511e-16,-2.6020852139652106e-17,2.715260295032192e-32,1.0,0.0
0.0025,0.000625,0.9,28.8,0.0,randomized_3,nominal_existing_decoder,1,32,1,1.0,,,deterministic; no sampling interval,0.03705856254040492,0.053301319933282784,-0.004127557821247214,0.00282399397306243,1.0,0.0
0.0025,0.000625,0.9,28.8,0.0,randomized_3,oracle_known_frequency,1,32,1,1.0,,,deterministic; no sampling interval,9.367506770274758e-17,1.576213700060856e-16,1.3877787807814457e-17,2.465190328815662e-32,1.0,0.0
0.0025,0.000625,0.9,28.8,0.0,POOLED_ALL_VECTORS,nominal_existing_decoder,6,192,6,1.0,,,deterministic; no sampling interval,0.038854093570160744,0.06455262735834395,-0.0075025324344342335,0.004110753705935479,1.0,0.0
0.0025,0.000625,0.9,28.8,0.0,POOLED_ALL_VECTORS,oracle_known_frequency,6,192,6,1.0,,,deterministic; no sampling interval,6.563263026231521e-17,1.2197462568165852e-16,2.913793338554793e-19,1.4877724408264513e-32,1.0,0.0
0.0025,0.000625,0.9,28.8,0.45,mixed_signs,nominal_existing_decoder,2000,64000,1189,0.5945,0.5728205849603423,0.615817093103501,two-sided 95% Wilson interval; conditional on fixed vector panel and synthetic IID draws,0.07945791423959261,0.10043211429127762,-0.016155625300379606,0.009825605352169984,0.6095718347923401,0.015071834792340089
0.0025,0.000625,0.9,28.8,0.45,mixed_signs,oracle_known_frequency,2000,64000,1896,0.948,0.9373820458455553,0.956900279790442,two-sided 95% Wilson interval; conditional on fixed vector panel and synthetic IID draws,0.06359339631643099,0.07966596275979618,-0.0005225334493714138,0.006346392581239519,0.94781753799293,0.00018246200706995008
0.0025,0.000625,0.9,28.8,0.45,sparse_and_zeros,nominal_existing_decoder,2000,64000,1444,0.722,0.7019539368073737,0.7411948941997499,two-sided 95% Wilson interval; conditional on fixed vector panel and synthetic IID draws,0.06913179480024942,0.08847376597740256,0.0018873256301155635,0.007824045268190102,0.728256040208869,0.006256040208869051
0.0025,0.000625,0.9,28.8,0.45,sparse_and_zeros,oracle_known_frequency,2000,64000,1891,0.9455,0.9346702670259668,0.9546216438464368,two-sided 95% Wilson interval; conditional on fixed vector panel and synthetic IID draws,0.06334195555223643,0.07940031004424342,-0.00018810212670928442,0.006304373852711909,0.94781753799293,0.0023175379929299966
0.0025,0.000625,0.9,28.8,0.45,boundary_values,nominal_existing_decoder,2000,64000,296,0.148,0.1331124309685374,0.16423717031746463,two-sided 95% Wilson interval; conditional on fixed vector panel and synthetic IID draws,0.08891464950654014,0.11635338422266495,-0.014171418342553047,0.013337280922227445,0.1723404558681118,0.024340455868111815
0.0025,0.000625,0.9,28.8,0.45,boundary_values,oracle_known_frequency,2000,64000,1876,0.938,0.9265682210429607,0.9477524455386617,two-sided 95% Wilson interval; conditional on fixed vector panel and synthetic IID draws,0.06338993474412946,0.07953098458004548,0.0003095155648985638,0.006325081708386518,0.94781753799293,0.009817537992930059
0.0025,0.000625,0.9,28.8,0.45,randomized_1,nominal_existing_decoder,2000,64000,775,0.3875,0.3663838675372123,0.4090474681010695,two-sided 95% Wilson interval; conditional on fixed vector panel and synthetic IID draws,0.08503287007220305,0.10839869682540039,-0.016348532650603317,0.01148300295361723,0.3772863001289844,0.010213699871015613
0.0025,0.000625,0.9,28.8,0.45,randomized_1,oracle_known_frequency,2000,64000,1877,0.9385,0.9271069197684697,0.9482118297658714,two-sided 95% Wilson interval; conditional on fixed vector panel and synthetic IID draws,0.06375325023012178,0.07990729979355339,7.368264755538704e-05,0.006385171131164266,0.94781753799293,0.009317537992930003
0.0025,0.000625,0.9,28.8,0.45,randomized_2,nominal_existing_decoder,2000,64000,1101,0.5505,0.5286228713269154,0.5721835068976779,two-sided 95% Wilson interval; conditional on fixed vector panel and synthetic IID draws,0.08167970153867468,0.10306931749894548,0.0036541117891580907,0.010609931676730763,0.5425739885210903,0.0079260114789097
0.0025,0.000625,0.9,28.8,0.45,randomized_2,oracle_known_frequency,2000,64000,1910,0.955,0.9450093040187729,0.9632461829552866,two-sided 95% Wilson interval; conditional on fixed vector panel and synthetic IID draws,0.06381831682379718,0.07982029746345908,-5.7057553645458613e-05,0.006371276631590662,0.94781753799293,0.007182462007069956
0.0025,0.000625,0.9,28.8,0.45,randomized_3,nominal_existing_decoder,2000,64000,1473,0.7365,0.716753028515514,0.7553402081204533,two-sided 95% Wilson interval; conditional on fixed vector panel and synthetic IID draws,0.07627809877984429,0.09578935350444753,-0.004178045390573898,0.009158144181514321,0.7385397669558695,0.002039766955869493
0.0025,0.000625,0.9,28.8,0.45,randomized_3,oracle_known_frequency,2000,64000,1900,0.95,0.9395558910656041,0.9587187663812682,two-sided 95% Wilson interval; conditional on fixed vector panel and synthetic IID draws,0.0635498829191375,0.07963066058284872,7.383876033796972e-05,0.006341036652698329,0.94781753799293,0.002182462007069952
0.0025,0.000625,0.9,28.8,0.45,POOLED_ALL_VECTORS,nominal_existing_decoder,12000,384000,6278,0.5231666666666667,0.5142243167785995,0.5320941890020178,two-sided 95% Wilson interval; conditional on fixed vector panel and synthetic IID draws,0.08008250482285069,0.1024707184152714,-0.007552030710806035,0.010443214964684883,0.5280947310792109,0.004928064412544231
0.0025,0.000625,0.9,28.8,0.45,POOLED_ALL_VECTORS,oracle_known_frequency,12000,384000,11350,0.9458333333333333,0.941639018917557,0.949742297364107,two-sided 95% Wilson interval; conditional on fixed vector panel and synthetic IID draws,0.06357445609764223,0.07965943229163283,-5.1776026155706046e-05,0.006345622472268351,0.94781753799293,0.0019842046595967
0.005,0.00125,1.8,57.6,0.0,mixed_signs,nominal_existing_decoder,1,32,0,0.0,,,deterministic; no sampling interval,0.15725195144599924,0.23580048200309375,-0.05911088848294242,0.05210777017564849,0.0,0.0
0.005,0.00125,1.8,57.6,0.0,mixed_signs,oracle_known_frequency,1,32,1,1.0,,,deterministic; no sampling interval,3.122502256758253e-17,7.601177430610147e-17,-1.0408340855860843e-17,5.6694562737899255e-33,1.0,0.0
0.005,0.00125,1.8,57.6,0.0,sparse_and_zeros,nominal_existing_decoder,1,32,0,0.0,,,deterministic; no sampling interval,0.03731710150436529,0.14646329525807947,0.0067747221751349625,0.0214055999973051,0.0,0.0
0.005,0.00125,1.8,57.6,0.0,sparse_and_zeros,oracle_known_frequency,1,32,1,1.0,,,deterministic; no sampling interval,0.0,0.0,0.0,0.0,1.0,0.0
0.005,0.00125,1.8,57.6,0.0,boundary_values,nominal_existing_decoder,1,32,0,0.0,,,deterministic; no sampling interval,0.18640826709683367,0.32184885791572626,-0.054889773738213146,0.10057380008062511,0.0,0.0
0.005,0.00125,1.8,57.6,0.0,boundary_values,oracle_known_frequency,1,32,1,1.0,,,deterministic; no sampling interval,3.470802204669221e-17,1.0385186867507198e-16,-2.0830234238877754e-17,1.0351311968857883e-32,1.0,0.0
0.005,0.00125,1.8,57.6,0.0,randomized_1,nominal_existing_decoder,1,32,0,0.0,,,deterministic; no sampling interval,0.19449544030553922,0.2793864579409692,-0.06227493203680427,0.0741786257206124,0.0,0.0
0.005,0.00125,1.8,57.6,0.0,randomized_1,oracle_known_frequency,1,32,1,1.0,,,deterministic; no sampling interval,1.1362438767648086e-16,1.823358595147555e-16,2.862293735361732e-17,3.242709312223556e-32,1.0,0.0
0.005,0.00125,1.8,57.6,0.0,randomized_2,nominal_existing_decoder,1,32,0,0.0,,,deterministic; no sampling interval,0.17817165505680715,0.2528571118780075,0.013843389744508907,0.06374507958766884,0.0,0.0
0.005,0.00125,1.8,57.6,0.0,randomized_2,oracle_known_frequency,1,32,1,1.0,,,deterministic; no sampling interval,8.586881206085195e-17,1.472779209476466e-16,1.3010426069826053e-17,2.1521514812142834e-32,1.0,0.0
0.005,0.00125,1.8,57.6,0.0,randomized_3,nominal_existing_decoder,1,32,0,0.0,,,deterministic; no sampling interval,0.14273939403139702,0.2041667675559119,-0.016048060101037317,0.04142652874122326,0.0,0.0
0.005,0.00125,1.8,57.6,0.0,randomized_3,oracle_known_frequency,1,32,1,1.0,,,deterministic; no sampling interval,6.613633252161577e-17,1.0839592839923089e-16,-2.4069288229178198e-17,1.1170346657671935e-32,1.0,0.0
0.005,0.00125,1.8,57.6,0.0,POOLED_ALL_VECTORS,nominal_existing_decoder,6,192,0,0.0,,,deterministic; no sampling interval,0.14939730157349027,0.24641348461299828,-0.028617590406558886,0.05990063891844277,0.0,0.0
0.005,0.00125,1.8,57.6,0.0,POOLED_ALL_VECTORS,oracle_known_frequency,6,192,6,1.0,,,deterministic; no sampling interval,5.5260429478870554e-17,1.1779206921353916e-16,-2.2790833167455707e-18,1.3869777348842533e-32,1.0,0.0
0.005,0.00125,1.8,57.6,0.45,mixed_signs,nominal_existing_decoder,2000,64000,0,0.0,1.0842021724855044e-19,0.001917047281252934,two-sided 95% Wilson interval; conditional on fixed vector panel and synthetic IID draws,0.17998330662245013,0.24909636402470875,-0.058924828788370985,0.058576863122591374,1.7085216124186342e-19,1.7085216124186342e-19
0.005,0.00125,1.8,57.6,0.45,mixed_signs,oracle_known_frequency,2000,64000,1898,0.949,0.9384684614587503,0.9578100300826845,two-sided 95% Wilson interval; conditional on fixed vector panel and synthetic IID draws,0.06346906834431747,0.07942354065269516,0.0003112240591513523,0.006308001949395326,0.9479674892852957,0.0010325107147042267
0.005,0.00125,1.8,57.6,0.45,sparse_and_zeros,nominal_existing_decoder,2000,64000,0,0.0,1.0842021724855044e-19,0.001917047281252934,two-sided 95% Wilson interval; conditional on fixed vector panel and synthetic IID draws,0.09590333617278357,0.16674917858082464,0.0067867291565236005,0.027759228864735738,8.456797305458792e-11,8.456797305458792e-11
0.005,0.00125,1.8,57.6,0.45,sparse_and_zeros,oracle_known_frequency,2000,64000,1910,0.955,0.9450093040187729,0.9632461829552866,two-sided 95% Wilson interval; conditional on fixed vector panel and synthetic IID draws,0.06349947839528125,0.07947112215568654,-0.00028391898537275065,0.006315578646693797,0.9479674892852957,0.007032510714704232
0.005,0.00125,1.8,57.6,0.45,boundary_values,nominal_existing_decoder,2000,64000,0,0.0,1.0842021724855044e-19,0.001917047281252934,two-sided 95% Wilson interval; conditional on fixed vector panel and synthetic IID draws,0.21612392157136878,0.3316112763031406,-0.05506823344842113,0.10693352823626805,4.579803800560344e-53,4.579803800560344e-53
0.005,0.00125,1.8,57.6,0.45,boundary_values,oracle_known_frequency,2000,64000,1891,0.9455,0.9346702670259668,0.9546216438464368,two-sided 95% Wilson interval; conditional on fixed vector panel and synthetic IID draws,0.06339479895597182,0.07940475394504547,-0.0001916781382645928,0.006305078208564525,0.9479674892852957,0.002467489285295721
0.005,0.00125,1.8,57.6,0.45,randomized_1,nominal_existing_decoder,2000,64000,0,0.0,1.0842021724855044e-19,0.001917047281252934,two-sided 95% Wilson interval; conditional on fixed vector panel and synthetic IID draws,0.2110923580835277,0.2901300947146,-0.062392447709653444,0.0802826543279009,6.251020696540851e-32,6.251020696540851e-32
0.005,0.00125,1.8,57.6,0.45,randomized_1,oracle_known_frequency,2000,64000,1902,0.951,0.9406443633026171,0.9596264600496927,two-sided 95% Wilson interval; conditional on fixed vector panel and synthetic IID draws,0.06319757187295427,0.07922764013478832,-0.0001684602506485852,0.0062769905824714735,0.9479674892852957,0.0030325107147042285
0.005,0.00125,1.8,57.6,0.45,randomized_2,nominal_existing_decoder,2000,64000,0,0.0,1.0842021724855044e-19,0.001917047281252934,two-sided 95% Wilson interval; conditional on fixed vector panel and synthetic IID draws,0.19712962263961703,0.26487248492381693,0.013502094467882017,0.06997512671469801,1.0504042071421333e-22,1.0504042071421333e-22
0.005,0.00125,1.8,57.6,0.45,randomized_2,oracle_known_frequency,2000,64000,1902,0.951,0.9406443633026171,0.9596264600496927,two-sided 95% Wilson interval; conditional on fixed vector panel and synthetic IID draws,0.063645346426045,0.07980626705204957,-0.00046653032680280996,0.006368822610237226,0.9479674892852957,0.0030325107147042285
0.005,0.00125,1.8,57.6,0.45,randomized_3,nominal_existing_decoder,2000,64000,0,0.0,1.0842021724855044e-19,0.001917047281252934,two-sided 95% Wilson interval; conditional on fixed vector panel and synthetic IID draws,0.1652593272731144,0.21955367983871332,-0.01563029671623197,0.04795951215528278,1.5111703460529673e-11,1.5111703460529673e-11
0.005,0.00125,1.8,57.6,0.45,randomized_3,oracle_known_frequency,2000,64000,1892,0.946,0.9352121487009426,0.9550778451241797,two-sided 95% Wilson interval; conditional on fixed vector panel and synthetic IID draws,0.06322688492258445,0.07921556619338917,0.0002541579040613766,0.0062750413310990235,0.9479674892852957,0.001967489285295776
0.005,0.00125,1.8,57.6,0.45,POOLED_ALL_VECTORS,nominal_existing_decoder,12000,384000,0,0.0,0.0,0.0003200191233674895,two-sided 95% Wilson interval; conditional on fixed vector panel and synthetic IID draws,0.1775819787271436,0.2589585067015719,-0.02862116383971199,0.06624033717356843,1.6613279447679134e-11,1.6613279447679134e-11
0.005,0.00125,1.8,57.6,0.45,POOLED_ALL_VECTORS,oracle_known_frequency,12000,384000,11395,0.9495833333333333,0.9455226277097605,0.9533562884284782,two-sided 95% Wilson interval; conditional on fixed vector panel and synthetic IID draws,0.0634055248195257,0.07942505709264278,-9.086762297933493e-05,0.006308331437244658,0.9479674892852957,0.0016158440480376068
0.01,0.0025,3.6,115.2,0.0,mixed_signs,nominal_existing_decoder,1,32,0,0.0,,,deterministic; no sampling interval,0.5445043540754482,0.7994514682804641,-0.18756632627832565,0.6039415233822427,0.0,0.0
0.01,0.0025,3.6,115.2,0.0,mixed_signs,oracle_known_frequency,1,32,1,1.0,,,deterministic; no sampling interval,4.163336342344337e-17,1.0749688212373146e-16,6.938893903907228e-18,1.1507431417713734e-32,1.0,0.0
0.01,0.0025,3.6,115.2,0.0,sparse_and_zeros,nominal_existing_decoder,1,32,0,0.0,,,deterministic; no sampling interval,0.12276067748258862,0.47533674376203444,0.015017059695327573,0.22571950788840095,0.0,0.0
0.01,0.0025,3.6,115.2,0.0,sparse_and_zeros,oracle_known_frequency,1,32,1,1.0,,,deterministic; no sampling interval,6.938893903907228e-18,3.925231146709438e-17,-6.938893903907228e-18,1.4925957069001078e-33,1.0,0.0
0.01,0.0025,3.6,115.2,0.0,boundary_values,nominal_existing_decoder,1,32,0,0.0,,,deterministic; no sampling interval,0.6326197121974831,1.053207571136935,-0.17490434175317776,1.0786546591360497,0.0,0.0
0.01,0.0025,3.6,115.2,0.0,boundary_values,oracle_known_frequency,1,32,1,1.0,,,deterministic; no sampling interval,3.4701245783114176e-17,8.77708450848964e-17,-6.932117640329194e-18,7.655666991937519e-33,1.0,0.0
0.01,0.0025,3.6,115.2,0.0,randomized_1,nominal_existing_decoder,1,32,0,0.0,,,deterministic; no sampling interval,0.665937920258308,0.9194013841004846,-0.20058122393174108,0.8050660776919316,0.0,0.0
0.01,0.0025,3.6,115.2,0.0,randomized_1,oracle_known_frequency,1,32,1,1.0,,,deterministic; no sampling interval,1.0928757898653885e-16,1.7025053792287383e-16,-1.214306433183765e-17,2.883779165166075e-32,1.0,0.0
0.01,0.0025,3.6,115.2,0.0,randomized_2,nominal_existing_decoder,1,32,0,0.0,,,deterministic; no sampling interval,0.6178629454478224,0.8587873185159836,0.03921403948337135,0.73597791755127,0.0,0.0
0.01,0.0025,3.6,115.2,0.0,randomized_2,oracle_known_frequency,1,32,1,1.0,,,deterministic; no sampling interval,1.1275702593849246e-16,1.736110700089722e-16,-3.642919299551295e-17,2.881371752735591e-32,1.0,0.0
0.01,0.0025,3.6,115.2,0.0,randomized_3,nominal_existing_decoder,1,32,0,0.0,,,deterministic; no sampling interval,0.49344211066912685,0.6892426565914345,-0.05675063045218287,0.4718348056084979,0.0,0.0
0.01,0.0025,3.6,115.2,0.0,randomized_3,oracle_known_frequency,1,32,1,1.0,,,deterministic; no sampling interval,1.1297386637298956e-16,1.685496108345575e-16,1.5829351718288365e-17,2.81584029366595e-32,1.0,0.0
0.01,0.0025,3.6,115.2,0.0,POOLED_ALL_VECTORS,nominal_existing_decoder,6,192,0,0.0,,,deterministic; no sampling interval,0.5128546200217962,0.8197747517053312,-0.09426190387278806,0.6631453370118147,0.0,0.0
0.01,0.0025,3.6,115.2,0.0,POOLED_ALL_VECTORS,oracle_known_frequency,6,192,6,1.0,,,deterministic; no sampling interval,6.971532906808094e-17,1.3437203669533765e-16,-6.6125038748985716e-18,1.8012119038157621e-32,1.0,0.0
0.01,0.0025,3.6,115.2,0.45,mixed_signs,nominal_existing_decoder,2000,64000,0,0.0,1.0842021724855044e-19,0.001917047281252934,two-sided 95% Wilson interval; conditional on fixed vector panel and synthetic IID draws,0.5569451156359769,0.8028577954906663,-0.1867939966115881,0.6096886426100024,0.0,0.0
0.01,0.0025,3.6,115.2,0.45,mixed_signs,oracle_known_frequency,2000,64000,1901,0.9505,0.9400999950103993,0.9591727453891917,two-sided 95% Wilson interval; conditional on fixed vector panel and synthetic IID draws,0.06350083107152212,0.07963758076737623,0.00022240838676289103,0.006342094804989869,0.9481113811800609,0.0023886188199391256
0.01,0.0025,3.6,115.2,0.45,sparse_and_zeros,nominal_existing_decoder,2000,64000,0,0.0,1.0842021724855044e-19,0.001917047281252934,two-sided 95% Wilson interval; conditional on fixed vector panel and synthetic IID draws,0.1791823659173698,0.4819535085049909,0.015120461414396621,0.2320505560068861,0.0,0.0
0.01,0.0025,3.6,115.2,0.45,sparse_and_zeros,oracle_known_frequency,2000,64000,1890,0.945,0.9341286162883299,0.9541652116313549,two-sided 95% Wilson interval; conditional on fixed vector panel and synthetic IID draws,0.06322394370487762,0.07936109097100487,0.0003322431389161977,0.0062980723746047535,0.9481113811800609,0.0031113811800609348
0.01,0.0025,3.6,115.2,0.45,boundary_values,nominal_existing_decoder,2000,64000,0,0.0,1.0842021724855044e-19,0.001917047281252934,two-sided 95% Wilson interval; conditional on fixed vector panel and synthetic IID draws,0.6578443620138608,1.0564807835334027,-0.17479949281562915,1.0855967832867515,0.0,0.0
0.01,0.0025,3.6,115.2,0.45,boundary_values,oracle_known_frequency,2000,64000,1911,0.9555,0.9455562350551854,0.9636973348715931,two-sided 95% Wilson interval; conditional on fixed vector panel and synthetic IID draws,0.06319515840660071,0.07938918138030591,-0.00016230481445609786,0.006302615777382317,0.9481113811800609,0.00738861881993913
0.01,0.0025,3.6,115.2,0.45,randomized_1,nominal_existing_decoder,2000,64000,0,0.0,1.0842021724855044e-19,0.001917047281252934,two-sided 95% Wilson interval; conditional on fixed vector panel and synthetic IID draws,0.6746503410826195,0.9231387041057185,-0.2003169819467819,0.8120581737617178,0.0,0.0
0.01,0.0025,3.6,115.2,0.45,randomized_1,oracle_known_frequency,2000,64000,1905,0.9525,0.9422790928066445,0.9609859794038216,two-sided 95% Wilson interval; conditional on fixed vector panel and synthetic IID draws,0.06358983570946047,0.07956231088429981,-0.00011304603827555994,0.006330148533843202,0.9481113811800609,0.004388618819939127
0.01,0.0025,3.6,115.2,0.45,randomized_2,nominal_existing_decoder,2000,64000,0,0.0,1.0842021724855044e-19,0.001917047281252934,two-sided 95% Wilson interval; conditional on fixed vector panel and synthetic IID draws,0.6268636344911451,0.862224363678686,0.03920984520353608,0.7418934413602298,0.0,0.0
0.01,0.0025,3.6,115.2,0.45,randomized_2,oracle_known_frequency,2000,64000,1879,0.9395,0.9281849047504186,0.94913001068936,two-sided 95% Wilson interval; conditional on fixed vector panel and synthetic IID draws,0.06362574666852445,0.07975011564486253,0.00022754067885957132,0.006360029170608412,0.9481113811800609,0.008611381180060884
0.01,0.0025,3.6,115.2,0.45,randomized_3,nominal_existing_decoder,2000,64000,0,0.0,1.0842021724855044e-19,0.001917047281252934,two-sided 95% Wilson interval; conditional on fixed vector panel and synthetic IID draws,0.5045091980879367,0.6935337703338867,-0.05668602606758176,0.4777757850422018,0.0,0.0
0.01,0.0025,3.6,115.2,0.45,randomized_3,oracle_known_frequency,2000,64000,1897,0.9485,0.9379251286390549,0.9573552799496612,two-sided 95% Wilson interval; conditional on fixed vector panel and synthetic IID draws,0.06399330662575373,0.08006833609916914,4.962860875999231e-06,0.006410938421059523,0.9481113811800609,0.00038861881993912384
0.01,0.0025,3.6,115.2,0.45,POOLED_ALL_VECTORS,nominal_existing_decoder,12000,384000,0,0.0,0.0,0.0003200191233674895,two-sided 95% Wilson interval; conditional on fixed vector panel and synthetic IID draws,0.5333325028714848,0.8235711344553458,-0.09404436513727471,0.6694250708939923,0.0,0.0
0.01,0.0025,3.6,115.2,0.45,POOLED_ALL_VECTORS,oracle_known_frequency,12000,384000,11383,0.9485833333333333,0.9444864379068214,0.9523931182696641,two-sided 95% Wilson interval; conditional on fixed vector panel and synthetic IID draws,0.0635214703644565,0.0796284600034561,8.530070211383352e-05,0.006340684366312222,0.9481113811800609,0.000471952153272448
0.025,0.00625,9.0,288.0,0.0,mixed_signs,nominal_existing_decoder,1,32,0,0.0,,,deterministic; no sampling interval,1.2536166392845036,1.6873623758247938,-0.13067291430791095,2.8301163768153708,0.0,0.0
0.025,0.00625,9.0,288.0,0.0,mixed_signs,oracle_known_frequency,1,32,1,1.0,,,deterministic; no sampling interval,5.204170427930421e-17,1.0198049666328888e-16,3.469446951953614e-18,1.0387984637538653e-32,1.0,0.0
0.025,0.00625,9.0,288.0,0.0,sparse_and_zeros,nominal_existing_decoder,1,32,0,0.0,,,deterministic; no sampling interval,0.17784677868502868,0.7155748450610862,-0.07748984603618543,0.5060426826454858,0.0,0.0
0.025,0.00625,9.0,288.0,0.0,sparse_and_zeros,oracle_known_frequency,1,32,1,1.0,,,deterministic; no sampling interval,0.0,0.0,0.0,0.0,1.0,0.0
0.025,0.00625,9.0,288.0,0.0,boundary_values,nominal_existing_decoder,1,32,0,0.0,,,deterministic; no sampling interval,1.285214062492265,1.8490476027626388,-0.12799692206988567,3.4025938252228976,0.0,0.0
0.025,0.00625,9.0,288.0,0.0,boundary_values,oracle_known_frequency,1,32,1,1.0,,,deterministic; no sampling interval,4.1640139687021405e-17,9.614814196034508e-17,-2.776235187920695e-17,8.473717020561765e-33,1.0,0.0
0.025,0.00625,9.0,288.0,0.0,randomized_1,nominal_existing_decoder,1,32,0,0.0,,,deterministic; no sampling interval,1.4634450557769185,1.7531924450959546,-0.18179210939129276,3.0406353785045956,0.0,0.0
0.025,0.00625,9.0,288.0,0.0,randomized_1,oracle_known_frequency,1,32,1,1.0,,,deterministic; no sampling interval,1.1796119636642288e-16,1.7717973386793406e-16,3.122502256758253e-17,3.0417656059165906e-32,1.0,0.0
0.025,0.00625,9.0,288.0,0.0,randomized_2,nominal_existing_decoder,1,32,0,0.0,,,deterministic; no sampling interval,1.4314204700402993,1.8044343800254563,-0.09445524889236818,3.247061637774534,0.0,0.0
0.025,0.00625,9.0,288.0,0.0,randomized_2,oracle_known_frequency,1,32,1,1.0,,,deterministic; no sampling interval,9.974659986866641e-17,1.4463890908364302e-16,4.336808689942018e-18,2.0901606111293193e-32,1.0,0.0
0.025,0.00625,9.0,288.0,0.0,randomized_3,nominal_existing_decoder,1,32,0,0.0,,,deterministic; no sampling interval,1.1322314122914645,1.4620601616057693,-0.10037880350837859,2.127544011960915,0.0,0.0
0.025,0.00625,9.0,288.0,0.0,randomized_3,oracle_known_frequency,1,32,1,1.0,,,deterministic; no sampling interval,9.410874857174178e-17,1.3670237376004996e-16,1.691355389077387e-17,1.8401470686416286e-32,1.0,0.0
0.025,0.00625,9.0,288.0,0.0,POOLED_ALL_VECTORS,nominal_existing_decoder,6,192,0,0.0,,,deterministic; no sampling interval,1.1239624030950799,1.5940254745470466,-0.11879764070100358,2.5268043340688124,0.0,0.0
0.025,0.00625,9.0,288.0,0.0,POOLED_ALL_VECTORS,oracle_known_frequency,6,192,6,1.0,,,deterministic; no sampling interval,6.758306479552612e-17,1.229126370016311e-16,4.6970800368408466e-18,1.5085453773822248e-32,1.0,0.0
0.025,0.00625,9.0,288.0,0.45,mixed_signs,nominal_existing_decoder,2000,64000,0,0.0,1.0842021724855044e-19,0.001917047281252934,two-sided 95% Wilson interval; conditional on fixed vector panel and synthetic IID draws,1.2579887713909745,1.6895235726595321,-0.13099913528214904,2.837329129127558,0.0,0.0
0.025,0.00625,9.0,288.0,0.45,mixed_signs,oracle_known_frequency,2000,64000,1881,0.9405,0.9292636881836284,0.9500473931615877,two-sided 95% Wilson interval; conditional on fixed vector panel and synthetic IID draws,0.06360480252914419,0.0797095956306065,-0.00031882778069588976,0.00635351798444106,0.9481134295179854,0.007613429517985382
0.025,0.00625,9.0,288.0,0.45,sparse_and_zeros,nominal_existing_decoder,2000,64000,0,0.0,1.0842021724855044e-19,0.001917047281252934,two-sided 95% Wilson interval; conditional on fixed vector panel and synthetic IID draws,0.2329444743035928,0.7201762037280977,-0.0772236585312135,0.5126902709792689,0.0,0.0
0.025,0.00625,9.0,288.0,0.45,sparse_and_zeros,oracle_known_frequency,2000,64000,1909,0.9545,0.9444626753715425,0.9627947286497985,two-sided 95% Wilson interval; conditional on fixed vector panel and synthetic IID draws,0.06294758679271634,0.07903333695922608,-0.0001663493672746538,0.006246240678798579,0.9481134295179854,0.006386570482014631
0.025,0.00625,9.0,288.0,0.45,boundary_values,nominal_existing_decoder,2000,64000,0,0.0,1.0842021724855044e-19,0.001917047281252934,two-sided 95% Wilson interval; conditional on fixed vector panel and synthetic IID draws,1.3041644562627908,1.8506823086899309,-0.12828327060083705,3.408568410181845,0.0,0.0
0.025,0.00625,9.0,288.0,0.45,boundary_values,oracle_known_frequency,2000,64000,1894,0.947,0.9362966169363569,0.9559895427942029,two-sided 95% Wilson interval; conditional on fixed vector panel and synthetic IID draws,0.06335790958883948,0.07943122523188975,-8.183410288131129e-05,0.006309312845018804,0.9481134295179854,0.0011134295179854314
0.025,0.00625,9.0,288.0,0.45,randomized_1,nominal_existing_decoder,2000,64000,0,0.0,1.0842021724855044e-19,0.001917047281252934,two-sided 95% Wilson interval; conditional on fixed vector panel and synthetic IID draws,1.4683800266863614,1.7556123547920572,-0.18171829200243989,3.049153202650228,0.0,0.0
0.025,0.00625,9.0,288.0,0.45,randomized_1,oracle_known_frequency,2000,64000,1898,0.949,0.9384684614587503,0.9578100300826845,two-sided 95% Wilson interval; conditional on fixed vector panel and synthetic IID draws,0.06331632387375087,0.07946207100214928,8.569262785041407e-05,0.006314213384724146,0.9481134295179854,0.0008865704820145703
0.025,0.00625,9.0,288.0,0.45,randomized_2,nominal_existing_decoder,2000,64000,0,0.0,1.0842021724855044e-19,0.001917047281252934,two-sided 95% Wilson interval; conditional on fixed vector panel and synthetic IID draws,1.434159449047123,1.8060352074063855,-0.09460684740133854,3.2528127148162054,0.0,0.0
0.025,0.00625,9.0,288.0,0.45,randomized_2,oracle_known_frequency,2000,64000,1904,0.952,0.9417339082484883,0.9605330810092589,two-sided 95% Wilson interval; conditional on fixed vector panel and synthetic IID draws,0.0635833393962036,0.07965193659142829,0.00037012244283824385,0.006344294012142219,0.9481134295179854,0.003886570482014573
0.025,0.00625,9.0,288.0,0.45,randomized_3,nominal_existing_decoder,2000,64000,0,0.0,1.0842021724855044e-19,0.001917047281252934,two-sided 95% Wilson interval; conditional on fixed vector panel and synthetic IID draws,1.1363139737199872,1.463842221024339,-0.1007715384383208,2.1326791450942437,0.0,0.0
0.025,0.00625,9.0,288.0,0.45,randomized_3,oracle_known_frequency,2000,64000,1892,0.946,0.9352121487009426,0.9550778451241797,two-sided 95% Wilson interval; conditional on fixed vector panel and synthetic IID draws,0.06361558686516694,0.07947258150502043,-0.00025900671666573174,0.006315824126592838,0.9481134295179854,0.0021134295179854323
0.025,0.00625,9.0,288.0,0.45,POOLED_ALL_VECTORS,nominal_existing_decoder,12000,384000,0,0.0,0.0,0.0003200191233674895,two-sided 95% Wilson interval; conditional on fixed vector panel and synthetic IID draws,1.1389918585684715,1.596085870362752,-0.1189337903760498,2.53334485907841,0.0,0.0
0.025,0.00625,9.0,288.0,0.45,POOLED_ALL_VECTORS,oracle_known_frequency,12000,384000,11378,0.9481666666666667,0.9440548150814837,0.9519916744442712,two-sided 95% Wilson interval; conditional on fixed vector panel and synthetic IID draws,0.06340425817430356,0.07946042040971531,-6.170048280482145e-05,0.006313954604739124,0.9481134295179853,5.3237148681439805e-05
0.05,0.0125,18.0,576.0,0.0,mixed_signs,nominal_existing_decoder,1,32,0,0.0,,,deterministic; no sampling interval,1.0632751834429333,1.4928839888436292,-0.6245428401817417,1.8386488449233886,0.0,0.0
0.05,0.0125,18.0,576.0,0.0,mixed_signs,oracle_known_frequency,1,32,1,1.0,,,deterministic; no sampling interval,6.245004513516506e-17,1.1102230246251565e-16,-2.7755575615628914e-17,1.1555579666323415e-32,1.0,0.0
0.05,0.0125,18.0,576.0,0.0,sparse_and_zeros,nominal_existing_decoder,1,32,0,0.0,,,deterministic; no sampling interval,0.14066480480959048,0.5336976965704043,0.05193365074568808,0.2821361272447802,0.0,0.0
0.05,0.0125,18.0,576.0,0.0,sparse_and_zeros,oracle_known_frequency,1,32,1,1.0,,,deterministic; no sampling interval,0.0,0.0,0.0,0.0,1.0,0.0
0.05,0.0125,18.0,576.0,0.0,boundary_values,nominal_existing_decoder,1,32,0,0.0,,,deterministic; no sampling interval,1.2012100889344621,1.8638178137498418,-0.5974423441589847,3.1168794882570574,0.0,0.0
0.05,0.0125,18.0,576.0,0.0,boundary_values,oracle_known_frequency,1,32,1,1.0,,,deterministic; no sampling interval,2.082345797529972e-17,6.798700858176733e-17,-6.945670167485263e-18,4.57399100182181e-33,1.0,0.0
0.05,0.0125,18.0,576.0,0.0,randomized_1,nominal_existing_decoder,1,32,0,0.0,,,deterministic; no sampling interval,1.4599617885715341,1.9204028310117907,-0.2939922096160892,3.6015156140431497,0.0,0.0
0.05,0.0125,18.0,576.0,0.0,randomized_1,oracle_known_frequency,1,32,1,1.0,,,deterministic; no sampling interval,1.0321604682062002e-16,1.6515442118630742e-16,-3.5561831257524545e-17,2.601133899499558e-32,1.0,0.0
0.05,0.0125,18.0,576.0,0.0,randomized_2,nominal_existing_decoder,1,32,0,0.0,,,deterministic; no sampling interval,1.2828855885699346,1.6518306386190758,0.24572219078202906,2.6681650636379843,0.0,0.0
0.05,0.0125,18.0,576.0,0.0,randomized_2,oracle_known_frequency,1,32,1,1.0,,,deterministic; no sampling interval,1.0234868508263162e-16,1.5853512473345908e-16,-3.642919299551295e-17,2.3806299671949098e-32,1.0,0.0
0.05,0.0125,18.0,576.0,0.0,randomized_3,nominal_existing_decoder,1,32,0,0.0,,,deterministic; no sampling interval,0.9620923421524581,1.2984773913314678,0.039128852901770095,1.6845124686695652,0.0,0.0
0.05,0.0125,18.0,576.0,0.0,randomized_3,oracle_known_frequency,1,32,1,1.0,,,deterministic; no sampling interval,6.960577947356938e-17,1.1611638232170214e-16,1.7564075194265172e-17,1.3174517506049902e-32,1.0,0.0
0.05,0.0125,18.0,576.0,0.0,POOLED_ALL_VECTORS,nominal_existing_decoder,6,192,0,0.0,,,deterministic; no sampling interval,1.0183482994134854,1.5324211619829604,-0.19653211658788808,2.3096897448426916,0.0,0.0
0.05,0.0125,18.0,576.0,0.0,POOLED_ALL_VECTORS,oracle_known_frequency,6,192,6,1.0,,,deterministic; no sampling interval,5.97406690812143e-17,1.175021757494253e-16,-1.4854699140314415e-17,1.3586099219299573e-32,1.0,0.0
0.05,0.0125,18.0,576.0,0.45,mixed_signs,nominal_existing_decoder,2000,64000,0,0.0,1.0842021724855044e-19,0.001917047281252934,two-sided 95% Wilson interval; conditional on fixed vector panel and synthetic IID draws,1.0700298689476404,1.4953247943198738,-0.6249410734958606,1.8454448951656146,0.0,0.0
0.05,0.0125,18.0,576.0,0.45,mixed_signs,oracle_known_frequency,2000,64000,1894,0.947,0.9362966169363569,0.9559895427942029,two-sided 95% Wilson interval; conditional on fixed vector panel and synthetic IID draws,0.06357465182068738,0.07957203513232684,0.00030159597674033454,0.006331617814967071,0.9477902794361258,0.0007902794361258625
0.05,0.0125,18.0,576.0,0.45,sparse_and_zeros,nominal_existing_decoder,2000,64000,0,0.0,1.0842021724855044e-19,0.001917047281252934,two-sided 95% Wilson interval; conditional on fixed vector panel and synthetic IID draws,0.19540921602530692,0.5397268080964804,0.05208073971809867,0.2885926239284307,0.0,0.0
0.05,0.0125,18.0,576.0,0.45,sparse_and_zeros,oracle_known_frequency,2000,64000,1896,0.948,0.9373820458455553,0.956900279790442,two-sided 95% Wilson interval; conditional on fixed vector panel and synthetic IID draws,0.063469760977721,0.07961628784088264,-5.6359691408394364e-05,0.006338750113147462,0.9477902794361258,0.0002097205638741384
0.05,0.0125,18.0,576.0,0.45,boundary_values,nominal_existing_decoder,2000,64000,0,0.0,1.0842021724855044e-19,0.001917047281252934,two-sided 95% Wilson interval; conditional on fixed vector panel and synthetic IID draws,1.2216627584007085,1.8661636787505744,-0.5980027206961236,3.1249596219279114,0.0,0.0
0.05,0.0125,18.0,576.0,0.45,boundary_values,oracle_known_frequency,2000,64000,1883,0.9415,0.9303432888168623,0.9509639584337912,two-sided 95% Wilson interval; conditional on fixed vector panel and synthetic IID draws,0.06356206197398657,0.07964523117667589,7.99412934022358e-05,0.006343356458575756,0.9477902794361258,0.006290279436125812
0.05,0.0125,18.0,576.0,0.45,randomized_1,nominal_existing_decoder,2000,64000,0,0.0,1.0842021724855044e-19,0.001917047281252934,two-sided 95% Wilson interval; conditional on fixed vector panel and synthetic IID draws,1.4659778412651658,1.9225338020235554,-0.29442559551511505,3.6094497886287167,0.0,0.0
0.05,0.0125,18.0,576.0,0.45,randomized_1,oracle_known_frequency,2000,64000,1881,0.9405,0.9292636881836284,0.9500473931615877,two-sided 95% Wilson interval; conditional on fixed vector panel and synthetic IID draws,0.06347864055478589,0.07970548639685648,7.461364786530306e-05,0.006352958994563026,0.9477902794361258,0.007290279436125813
0.05,0.0125,18.0,576.0,0.45,randomized_2,nominal_existing_decoder,2000,64000,0,0.0,1.0842021724855044e-19,0.001917047281252934,two-sided 95% Wilson interval; conditional on fixed vector panel and synthetic IID draws,1.2888888366641773,1.6534361463856824,0.24545642575512402,2.6736022332302554,0.0,0.0
0.05,0.0125,18.0,576.0,0.45,randomized_2,oracle_known_frequency,2000,64000,1892,0.946,0.9352121487009426,0.9550778451241797,two-sided 95% Wilson interval; conditional on fixed vector panel and synthetic IID draws,0.06365263688469837,0.07984090577615136,0.00010631669925697928,0.006374558931915738,0.9477902794361258,0.0017902794361258634
0.05,0.0125,18.0,576.0,0.45,randomized_3,nominal_existing_decoder,2000,64000,0,0.0,1.0842021724855044e-19,0.001917047281252934,two-sided 95% Wilson interval; conditional on fixed vector panel and synthetic IID draws,0.9691650777327532,1.3010317642218776,0.03895914925233413,1.6911658362038258,0.0,0.0
0.05,0.0125,18.0,576.0,0.45,randomized_3,oracle_known_frequency,2000,64000,1878,0.939,0.9276458135951825,0.9486710188918773,two-sided 95% Wilson interval; conditional on fixed vector panel and synthetic IID draws,0.06340894665953714,0.07954227107146554,0.00027176343267833224,0.006326899031843162,0.9477902794361258,0.00879027943612587
0.05,0.0125,18.0,576.0,0.45,POOLED_ALL_VECTORS,nominal_existing_decoder,12000,384000,0,0.0,0.0,0.0003200191233674895,two-sided 95% Wilson interval; conditional on fixed vector panel and synthetic IID draws,1.0351889331726254,1.5347388000018027,-0.19681217916359037,2.3166881503638526,0.0,0.0
0.05,0.0125,18.0,576.0,0.45,POOLED_ALL_VECTORS,oracle_known_frequency,12000,384000,11324,0.9436666666666667,0.9393976593005379,0.9476517103973273,two-sided 95% Wilson interval; conditional on fixed vector panel and synthetic IID draws,0.06352444981190272,0.07965376387630294,0.0001296452264224651,0.0063447052917770886,0.9477902794361258,0.004123612769459162
0.0,0.0,0.0,0.0,0.45,mixed_signs,weak_zero_output_floor,1,32,0,0.0,,,deterministic; no sampling interval,1.078125,1.2507810060118438,0.0,1.564453125,0.0,0.0
0.0,0.0,0.0,0.0,0.45,sparse_and_zeros,weak_zero_output_floor,1,32,0,0.0,,,deterministic; no sampling interval,0.2109375,0.594571799701264,0.0234375,0.35296630859375,0.0,0.0
0.0,0.0,0.0,0.0,0.45,boundary_values,weak_zero_output_floor,1,32,0,0.0,,,deterministic; no sampling interval,1.09375,1.3833158533032144,0.0,1.91356275,0.0,0.0
0.0,0.0,0.0,0.0,0.45,randomized_1,weak_zero_output_floor,1,32,0,0.0,,,deterministic; no sampling interval,1.2870382042993223,1.392051307140276,-0.1724375085197235,1.9080721473664617,0.0,0.0
0.0,0.0,0.0,0.0,0.45,randomized_2,weak_zero_output_floor,1,32,0,0.0,,,deterministic; no sampling interval,1.256881485817702,1.3640230525371104,0.13895177604931946,1.8412512917853967,0.0,0.0
0.0,0.0,0.0,0.0,0.45,randomized_3,weak_zero_output_floor,1,32,0,0.0,,,deterministic; no sampling interval,0.9339752466575526,1.0652142564016696,0.06655870810888001,1.130251350416239,0.0,0.0
0.0,0.0,0.0,0.0,0.45,POOLED_ALL_VECTORS,weak_zero_output_floor,6,192,0,0.0,,,deterministic; no sampling interval,0.9767845727957628,1.2086203320042908,0.009418412606412676,1.460674400438137,0.0,0.0
