offset_samples,offset_percent_of_symbol,carrier_rotation_degrees,within_search_range,method,frames,frames_passing,empirical_mae,max_abs_error,chosen_start_errors,evidence_label
-32,-50.0,-720.0,False,existing_nominal_decoder,6,0,0.5275691164489998,2.0,,SYNTHETIC
-32,-50.0,-720.0,False,oracle_exact_timing,6,6,2.7538735181131813e-17,4.440892098500626e-16,,SYNTHETIC
-32,-50.0,-720.0,False,blind_matched_filter_energy_search,6,0,0.2637845582245,1.0,-16;-16;-16;-16;-16;-16,SYNTHETIC
-32,-50.0,-720.0,False,blind_raw_frame_energy_search,6,0,0.2637845582245,1.0,-16;-16;-16;-16;-16;-16,SYNTHETIC
-31,-48.4375,-697.5,False,existing_nominal_decoder,6,0,0.5208465750195753,1.9661752437408628,,SYNTHETIC
-31,-48.4375,-697.5,False,oracle_exact_timing,6,6,2.7538735181131813e-17,4.440892098500626e-16,,SYNTHETIC
-31,-48.4375,-697.5,False,blind_matched_filter_energy_search,6,0,0.2637845582245,1.0,-16;-16;-16;-16;-16;-16,SYNTHETIC
-31,-48.4375,-697.5,False,blind_raw_frame_energy_search,6,0,0.28457246924338936,1.0422957112295759,-15;-15;-15;-15;-15;-15,SYNTHETIC
-30,-46.875,-675.0,False,existing_nominal_decoder,6,0,0.5909085931843561,1.9558058261758409,,SYNTHETIC
-30,-46.875,-675.0,False,oracle_exact_timing,6,6,2.7538735181131813e-17,4.440892098500626e-16,,SYNTHETIC
-30,-46.875,-675.0,False,blind_matched_filter_energy_search,6,0,0.2637845582245,1.0,-16;-16;-16;-16;-16;-16,SYNTHETIC
-30,-46.875,-675.0,False,blind_raw_frame_energy_search,6,0,0.4259461805768529,1.2486990449892932,-14;-14;-14;-14;-14;-14,SYNTHETIC
-29,-45.3125,-652.5,False,existing_nominal_decoder,6,0,0.7561397041686359,1.985989327213501,,SYNTHETIC
-29,-45.3125,-652.5,False,oracle_exact_timing,6,6,2.7538735181131813e-17,4.440892098500626e-16,,SYNTHETIC
-29,-45.3125,-652.5,False,blind_matched_filter_energy_search,6,0,0.2637845582245,1.0,-16;-16;-16;-16;-16;-16,SYNTHETIC
-29,-45.3125,-652.5,False,blind_raw_frame_energy_search,6,0,0.6764657079204186,1.6033058948484111,-13;-13;-13;-13;-13;-13,SYNTHETIC
-28,-43.75,-630.0,False,existing_nominal_decoder,6,0,0.988999540426612,2.0625,,SYNTHETIC
-28,-43.75,-630.0,False,oracle_exact_timing,6,6,2.7538735181131813e-17,4.440892098500626e-16,,SYNTHETIC
-28,-43.75,-630.0,False,blind_matched_filter_energy_search,6,0,0.2637845582245,1.0,-16;-16;-16;-16;-16;-16,SYNTHETIC
-28,-43.75,-630.0,False,blind_raw_frame_energy_search,6,0,0.988999540426612,2.0625,-12;-12;-12;-12;-12;-12,SYNTHETIC
-27,-42.1875,-607.5,False,existing_nominal_decoder,6,0,1.2508633387447308,2.765219855774846,,SYNTHETIC
-27,-42.1875,-607.5,False,oracle_exact_timing,6,6,2.7538735181131813e-17,4.440892098500626e-16,,SYNTHETIC
-27,-42.1875,-607.5,False,blind_matched_filter_energy_search,6,0,0.2637845582245,1.0,-16;-16;-16;-16;-16;-16,SYNTHETIC
-27,-42.1875,-607.5,False,blind_raw_frame_energy_search,6,0,1.3155954559525667,2.7653155266329374,-11;-11;-11;-11;-11;-11,SYNTHETIC
-26,-40.625,-585.0,False,existing_nominal_decoder,6,0,1.4816022761070524,3.4139373487866944,,SYNTHETIC
-26,-40.625,-585.0,False,oracle_exact_timing,6,6,2.7538735181131813e-17,4.440892098500626e-16,,SYNTHETIC
-26,-40.625,-585.0,False,blind_matched_filter_energy_search,6,0,0.2637845582245,1.0,-16;-16;-16;-16;-16;-16,SYNTHETIC
-26,-40.625,-585.0,False,blind_raw_frame_energy_search,6,0,1.5997064667156369,3.4141141254819907,-10;-10;-10;-10;-10;-10,SYNTHETIC
-25,-39.0625,-562.5,False,existing_nominal_decoder,6,0,1.64083556182869,3.847404154008817,,SYNTHETIC
-25,-39.0625,-562.5,False,oracle_exact_timing,6,6,2.7538735181131813e-17,4.440892098500626e-16,,SYNTHETIC
-25,-39.0625,-562.5,False,blind_matched_filter_energy_search,6,0,1.1830315809692098,3.66998488469635,-16;-9;-16;-9;-9;-9,SYNTHETIC
-25,-39.0625,-562.5,False,blind_raw_frame_energy_search,6,0,1.7088997130067949,3.66998488469635,-9;-10;-10;-9;-10;-9,SYNTHETIC
-24,-37.5,-540.0,False,existing_nominal_decoder,6,0,1.701750692103315,3.999625,,SYNTHETIC
-24,-37.5,-540.0,False,oracle_exact_timing,6,6,2.7538735181131813e-17,4.440892098500626e-16,,SYNTHETIC
-24,-37.5,-540.0,False,blind_matched_filter_energy_search,6,0,1.8683780503780654,3.999875,-8;-8;-8;-8;-8;-8,SYNTHETIC
-24,-37.5,-540.0,False,blind_raw_frame_energy_search,6,0,1.8683780503780654,3.999875,-8;-8;-8;-8;-8;-8,SYNTHETIC
-23,-35.9375,-517.5,False,existing_nominal_decoder,6,0,1.6520415673110203,3.847421066386947,,SYNTHETIC
-23,-35.9375,-517.5,False,oracle_exact_timing,6,6,2.7538735181131813e-17,4.440892098500626e-16,,SYNTHETIC
-23,-35.9375,-517.5,False,blind_matched_filter_energy_search,6,0,1.8683780503780654,3.999875,-8;-8;-8;-8;-8;-8,SYNTHETIC
-23,-35.9375,-517.5,False,blind_raw_frame_energy_search,6,0,1.8062726741167017,3.847652036270074,-7;-7;-7;-7;-7;-7,SYNTHETIC
-22,-34.375,-495.0,False,existing_nominal_decoder,6,0,1.496243627854467,3.413959445873606,,SYNTHETIC
-22,-34.375,-495.0,False,oracle_exact_timing,6,6,2.7538735181131813e-17,4.440892098500626e-16,,SYNTHETIC
-22,-34.375,-495.0,False,blind_matched_filter_energy_search,6,0,1.8683780503780654,3.999875,-8;-8;-8;-8;-8;-8,SYNTHETIC
-22,-34.375,-495.0,False,blind_raw_frame_energy_search,6,0,1.6147662669961733,3.414136222568903,-6;-6;-6;-6;-6;-6,SYNTHETIC
-21,-32.8125,-472.5,False,existing_nominal_decoder,6,0,1.2555608195742793,2.7652268611112394,,SYNTHETIC
-21,-32.8125,-472.5,False,oracle_exact_timing,6,6,2.7538735181131813e-17,4.440892098500626e-16,,SYNTHETIC
-21,-32.8125,-472.5,False,blind_matched_filter_energy_search,6,0,1.8683780503780654,3.999875,-8;-8;-8;-8;-8;-8,SYNTHETIC
-21,-32.8125,-472.5,False,blind_raw_frame_energy_search,6,0,1.3203697941900037,2.76532253196933,-5;-5;-5;-5;-5;-5,SYNTHETIC
-20,-31.25,-450.0,False,existing_nominal_decoder,6,0,0.9661356858940803,1.999984375,,SYNTHETIC
-20,-31.25,-450.0,False,oracle_exact_timing,6,6,2.7538735181131813e-17,4.440892098500626e-16,,SYNTHETIC
-20,-31.25,-450.0,False,blind_matched_filter_energy_search,6,0,1.8683780503780654,3.999875,-8;-8;-8;-8;-8;-8,SYNTHETIC
-20,-31.25,-450.0,False,blind_raw_frame_energy_search,6,0,0.9661356858940803,1.999984375,-4;-4;-4;-4;-4;-4,SYNTHETIC
-19,-29.6875,-427.5,False,existing_nominal_decoder,6,0,0.6822712913455158,1.6313272404214096,,SYNTHETIC
-19,-29.6875,-427.5,False,oracle_exact_timing,6,6,2.7538735181131813e-17,4.440892098500626e-16,,SYNTHETIC
-19,-29.6875,-427.5,False,blind_matched_filter_energy_search,6,0,1.8683780503780654,3.999875,-8;-8;-8;-8;-8;-8,SYNTHETIC
-19,-29.6875,-427.5,False,blind_raw_frame_energy_search,6,0,0.605715347892625,1.2486438080563196,-3;-3;-3;-3;-3;-3,SYNTHETIC
-18,-28.125,-405.0,False,existing_nominal_decoder,6,0,0.445984357810764,1.3370873926376121,,SYNTHETIC
-18,-28.125,-405.0,False,oracle_exact_timing,6,6,2.7538735181131813e-17,4.440892098500626e-16,,SYNTHETIC
-18,-28.125,-405.0,False,blind_matched_filter_energy_search,6,0,1.8683780503780654,3.999875,-8;-8;-8;-8;-8;-8,SYNTHETIC
-18,-28.125,-405.0,False,blind_raw_frame_energy_search,6,0,0.29473949350643786,0.6299806114510644,-2;-2;-2;-2;-2;-2,SYNTHETIC
-17,-26.5625,-382.5,False,existing_nominal_decoder,6,0,0.301720454352412,1.1099452237478509,,SYNTHETIC
-17,-26.5625,-382.5,False,oracle_exact_timing,6,6,2.7538735181131813e-17,4.440892098500626e-16,,SYNTHETIC
-17,-26.5625,-382.5,False,blind_matched_filter_energy_search,6,4,0.7612544868991252,3.999875,-8;-1;-8;-1;-1;-1,SYNTHETIC
-17,-26.5625,-382.5,False,blind_raw_frame_energy_search,6,0,0.29473949350643786,0.6299806114510644,-2;-2;-2;-2;-2;-2,SYNTHETIC
-16,-25.0,-360.0,True,existing_nominal_decoder,6,0,0.2637845582245,1.0,,SYNTHETIC
-16,-25.0,-360.0,True,oracle_exact_timing,6,6,2.7538735181131813e-17,4.440892098500626e-16,,SYNTHETIC
-16,-25.0,-360.0,True,blind_matched_filter_energy_search,6,6,2.7538735181131813e-17,4.440892098500626e-16,+0;+0;+0;+0;+0;+0,SYNTHETIC
-16,-25.0,-360.0,True,blind_raw_frame_energy_search,6,6,2.7538735181131813e-17,4.440892098500626e-16,+0;+0;+0;+0;+0;+0,SYNTHETIC
-15,-23.4375,-337.5,True,existing_nominal_decoder,6,0,0.28457246924338936,1.0422957112295759,,SYNTHETIC
-15,-23.4375,-337.5,True,oracle_exact_timing,6,6,2.7538735181131813e-17,4.440892098500626e-16,,SYNTHETIC
-15,-23.4375,-337.5,True,blind_matched_filter_energy_search,6,6,2.7538735181131813e-17,4.440892098500626e-16,+0;+0;+0;+0;+0;+0,SYNTHETIC
-15,-23.4375,-337.5,True,blind_raw_frame_energy_search,6,6,2.7538735181131813e-17,4.440892098500626e-16,+0;+0;+0;+0;+0;+0,SYNTHETIC
-14,-21.875,-315.0,True,existing_nominal_decoder,6,0,0.4259461805768529,1.2486990449892932,,SYNTHETIC
-14,-21.875,-315.0,True,oracle_exact_timing,6,6,2.7538735181131813e-17,4.440892098500626e-16,,SYNTHETIC
-14,-21.875,-315.0,True,blind_matched_filter_energy_search,6,6,2.7538735181131813e-17,4.440892098500626e-16,+0;+0;+0;+0;+0;+0,SYNTHETIC
-14,-21.875,-315.0,True,blind_raw_frame_energy_search,6,6,2.7538735181131813e-17,4.440892098500626e-16,+0;+0;+0;+0;+0;+0,SYNTHETIC
-13,-20.3125,-292.5,True,existing_nominal_decoder,6,0,0.6764657079204186,1.6033058948484111,,SYNTHETIC
-13,-20.3125,-292.5,True,oracle_exact_timing,6,6,2.7538735181131813e-17,4.440892098500626e-16,,SYNTHETIC
-13,-20.3125,-292.5,True,blind_matched_filter_energy_search,6,6,2.7538735181131813e-17,4.440892098500626e-16,+0;+0;+0;+0;+0;+0,SYNTHETIC
-13,-20.3125,-292.5,True,blind_raw_frame_energy_search,6,6,2.7538735181131813e-17,4.440892098500626e-16,+0;+0;+0;+0;+0;+0,SYNTHETIC
-12,-18.75,-270.0,True,existing_nominal_decoder,6,0,0.988999540426612,2.0625,,SYNTHETIC
-12,-18.75,-270.0,True,oracle_exact_timing,6,6,2.7538735181131813e-17,4.440892098500626e-16,,SYNTHETIC
-12,-18.75,-270.0,True,blind_matched_filter_energy_search,6,6,2.7538735181131813e-17,4.440892098500626e-16,+0;+0;+0;+0;+0;+0,SYNTHETIC
-12,-18.75,-270.0,True,blind_raw_frame_energy_search,6,6,2.7538735181131813e-17,4.440892098500626e-16,+0;+0;+0;+0;+0;+0,SYNTHETIC
-11,-17.1875,-247.5,True,existing_nominal_decoder,6,0,1.3155954559525667,2.7653155266329374,,SYNTHETIC
-11,-17.1875,-247.5,True,oracle_exact_timing,6,6,2.7538735181131813e-17,4.440892098500626e-16,,SYNTHETIC
-11,-17.1875,-247.5,True,blind_matched_filter_energy_search,6,6,2.7538735181131813e-17,4.440892098500626e-16,+0;+0;+0;+0;+0;+0,SYNTHETIC
-11,-17.1875,-247.5,True,blind_raw_frame_energy_search,6,6,2.7538735181131813e-17,4.440892098500626e-16,+0;+0;+0;+0;+0;+0,SYNTHETIC
-10,-15.625,-225.0,True,existing_nominal_decoder,6,0,1.5997064667156369,3.4141141254819907,,SYNTHETIC
-10,-15.625,-225.0,True,oracle_exact_timing,6,6,2.7538735181131813e-17,4.440892098500626e-16,,SYNTHETIC
-10,-15.625,-225.0,True,blind_matched_filter_energy_search,6,6,2.7538735181131813e-17,4.440892098500626e-16,+0;+0;+0;+0;+0;+0,SYNTHETIC
-10,-15.625,-225.0,True,blind_raw_frame_energy_search,6,6,2.7538735181131813e-17,4.440892098500626e-16,+0;+0;+0;+0;+0;+0,SYNTHETIC
-9,-14.0625,-202.5,True,existing_nominal_decoder,6,0,1.7947631788219784,3.8476351238919446,,SYNTHETIC
-9,-14.0625,-202.5,True,oracle_exact_timing,6,6,2.7538735181131813e-17,4.440892098500626e-16,,SYNTHETIC
-9,-14.0625,-202.5,True,blind_matched_filter_energy_search,6,6,2.7538735181131813e-17,4.440892098500626e-16,+0;+0;+0;+0;+0;+0,SYNTHETIC
-9,-14.0625,-202.5,True,blind_raw_frame_energy_search,6,6,2.7538735181131813e-17,4.440892098500626e-16,+0;+0;+0;+0;+0;+0,SYNTHETIC
-8,-12.5,-180.0,True,existing_nominal_decoder,6,0,1.8683780503780654,3.999875,,SYNTHETIC
-8,-12.5,-180.0,True,oracle_exact_timing,6,6,2.7538735181131813e-17,4.440892098500626e-16,,SYNTHETIC
-8,-12.5,-180.0,True,blind_matched_filter_energy_search,6,6,2.7538735181131813e-17,4.440892098500626e-16,+0;+0;+0;+0;+0;+0,SYNTHETIC
-8,-12.5,-180.0,True,blind_raw_frame_energy_search,6,6,2.7538735181131813e-17,4.440892098500626e-16,+0;+0;+0;+0;+0;+0,SYNTHETIC
-7,-10.9375,-157.5,True,existing_nominal_decoder,6,0,1.8062726741167017,3.847652036270074,,SYNTHETIC
-7,-10.9375,-157.5,True,oracle_exact_timing,6,6,2.7538735181131813e-17,4.440892098500626e-16,,SYNTHETIC
-7,-10.9375,-157.5,True,blind_matched_filter_energy_search,6,6,2.7538735181131813e-17,4.440892098500626e-16,+0;+0;+0;+0;+0;+0,SYNTHETIC
-7,-10.9375,-157.5,True,blind_raw_frame_energy_search,6,6,2.7538735181131813e-17,4.440892098500626e-16,+0;+0;+0;+0;+0;+0,SYNTHETIC
-6,-9.375,-135.0,True,existing_nominal_decoder,6,0,1.6147662669961733,3.414136222568903,,SYNTHETIC
-6,-9.375,-135.0,True,oracle_exact_timing,6,6,2.7538735181131813e-17,4.440892098500626e-16,,SYNTHETIC
-6,-9.375,-135.0,True,blind_matched_filter_energy_search,6,6,2.7538735181131813e-17,4.440892098500626e-16,+0;+0;+0;+0;+0;+0,SYNTHETIC
-6,-9.375,-135.0,True,blind_raw_frame_energy_search,6,6,2.7538735181131813e-17,4.440892098500626e-16,+0;+0;+0;+0;+0;+0,SYNTHETIC
-5,-7.8125,-112.5,True,existing_nominal_decoder,6,0,1.3203697941900037,2.76532253196933,,SYNTHETIC
-5,-7.8125,-112.5,True,oracle_exact_timing,6,6,2.7538735181131813e-17,4.440892098500626e-16,,SYNTHETIC
-5,-7.8125,-112.5,True,blind_matched_filter_energy_search,6,6,2.7538735181131813e-17,4.440892098500626e-16,+0;+0;+0;+0;+0;+0,SYNTHETIC
-5,-7.8125,-112.5,True,blind_raw_frame_energy_search,6,6,2.7538735181131813e-17,4.440892098500626e-16,+0;+0;+0;+0;+0;+0,SYNTHETIC
-4,-6.25,-90.0,True,existing_nominal_decoder,6,0,0.9661356858940803,1.999984375,,SYNTHETIC
-4,-6.25,-90.0,True,oracle_exact_timing,6,6,2.7538735181131813e-17,4.440892098500626e-16,,SYNTHETIC
-4,-6.25,-90.0,True,blind_matched_filter_energy_search,6,6,2.7538735181131813e-17,4.440892098500626e-16,+0;+0;+0;+0;+0;+0,SYNTHETIC
-4,-6.25,-90.0,True,blind_raw_frame_energy_search,6,6,2.7538735181131813e-17,4.440892098500626e-16,+0;+0;+0;+0;+0;+0,SYNTHETIC
-3,-4.6875,-67.5,True,existing_nominal_decoder,6,0,0.605715347892625,1.2486438080563196,,SYNTHETIC
-3,-4.6875,-67.5,True,oracle_exact_timing,6,6,2.7538735181131813e-17,4.440892098500626e-16,,SYNTHETIC
-3,-4.6875,-67.5,True,blind_matched_filter_energy_search,6,6,2.7538735181131813e-17,4.440892098500626e-16,+0;+0;+0;+0;+0;+0,SYNTHETIC
-3,-4.6875,-67.5,True,blind_raw_frame_energy_search,6,6,2.7538735181131813e-17,4.440892098500626e-16,+0;+0;+0;+0;+0;+0,SYNTHETIC
-2,-3.125,-45.0,True,existing_nominal_decoder,6,0,0.29473949350643786,0.6299806114510644,,SYNTHETIC
-2,-3.125,-45.0,True,oracle_exact_timing,6,6,2.7538735181131813e-17,4.440892098500626e-16,,SYNTHETIC
-2,-3.125,-45.0,True,blind_matched_filter_energy_search,6,6,2.7538735181131813e-17,4.440892098500626e-16,+0;+0;+0;+0;+0;+0,SYNTHETIC
-2,-3.125,-45.0,True,blind_raw_frame_energy_search,6,6,2.7538735181131813e-17,4.440892098500626e-16,+0;+0;+0;+0;+0;+0,SYNTHETIC
-1,-1.5625,-22.5,True,existing_nominal_decoder,6,6,0.08105814320851334,0.18606569123656413,,SYNTHETIC
-1,-1.5625,-22.5,True,oracle_exact_timing,6,6,2.7538735181131813e-17,4.440892098500626e-16,,SYNTHETIC
-1,-1.5625,-22.5,True,blind_matched_filter_energy_search,6,6,2.7538735181131813e-17,4.440892098500626e-16,+0;+0;+0;+0;+0;+0,SYNTHETIC
-1,-1.5625,-22.5,True,blind_raw_frame_energy_search,6,6,2.7538735181131813e-17,4.440892098500626e-16,+0;+0;+0;+0;+0;+0,SYNTHETIC
0,0.0,0.0,True,existing_nominal_decoder,6,6,2.7538735181131813e-17,4.440892098500626e-16,,SYNTHETIC
0,0.0,0.0,True,oracle_exact_timing,6,6,2.7538735181131813e-17,4.440892098500626e-16,,SYNTHETIC
0,0.0,0.0,True,blind_matched_filter_energy_search,6,6,2.7538735181131813e-17,4.440892098500626e-16,+0;+0;+0;+0;+0;+0,SYNTHETIC
0,0.0,0.0,True,blind_raw_frame_energy_search,6,6,2.7538735181131813e-17,4.440892098500626e-16,+0;+0;+0;+0;+0;+0,SYNTHETIC
1,1.5625,22.5,True,existing_nominal_decoder,6,6,0.08149345711369632,0.18606569123656413,,SYNTHETIC
1,1.5625,22.5,True,oracle_exact_timing,6,6,2.7538735181131813e-17,4.440892098500626e-16,,SYNTHETIC
1,1.5625,22.5,True,blind_matched_filter_energy_search,6,6,2.7538735181131813e-17,4.440892098500626e-16,+0;+0;+0;+0;+0;+0,SYNTHETIC
1,1.5625,22.5,True,blind_raw_frame_energy_search,6,6,2.7538735181131813e-17,4.440892098500626e-16,+0;+0;+0;+0;+0;+0,SYNTHETIC
2,3.125,45.0,True,existing_nominal_decoder,6,0,0.295307355876215,0.6299806114510642,,SYNTHETIC
2,3.125,45.0,True,oracle_exact_timing,6,6,2.7538735181131813e-17,4.440892098500626e-16,,SYNTHETIC
2,3.125,45.0,True,blind_matched_filter_energy_search,6,6,2.7538735181131813e-17,4.440892098500626e-16,+0;+0;+0;+0;+0;+0,SYNTHETIC
2,3.125,45.0,True,blind_raw_frame_energy_search,6,6,2.7538735181131813e-17,4.440892098500626e-16,+0;+0;+0;+0;+0;+0,SYNTHETIC
3,4.6875,67.5,True,existing_nominal_decoder,6,0,0.6058925582818706,1.2486438080563196,,SYNTHETIC
3,4.6875,67.5,True,oracle_exact_timing,6,6,2.7538735181131813e-17,4.440892098500626e-16,,SYNTHETIC
3,4.6875,67.5,True,blind_matched_filter_energy_search,6,6,2.7538735181131813e-17,4.440892098500626e-16,+0;+0;+0;+0;+0;+0,SYNTHETIC
3,4.6875,67.5,True,blind_raw_frame_energy_search,6,6,2.7538735181131813e-17,4.440892098500626e-16,+0;+0;+0;+0;+0;+0,SYNTHETIC
4,6.25,90.0,True,existing_nominal_decoder,6,0,0.9652637905194427,1.9999843749999997,,SYNTHETIC
4,6.25,90.0,True,oracle_exact_timing,6,6,2.7538735181131813e-17,4.440892098500626e-16,,SYNTHETIC
4,6.25,90.0,True,blind_matched_filter_energy_search,6,6,2.7538735181131813e-17,4.440892098500626e-16,+0;+0;+0;+0;+0;+0,SYNTHETIC
4,6.25,90.0,True,blind_raw_frame_energy_search,6,6,2.7538735181131813e-17,4.440892098500626e-16,+0;+0;+0;+0;+0;+0,SYNTHETIC
5,7.8125,112.5,True,existing_nominal_decoder,6,0,1.317895968325737,2.76532253196933,,SYNTHETIC
5,7.8125,112.5,True,oracle_exact_timing,6,6,2.7538735181131813e-17,4.440892098500626e-16,,SYNTHETIC
5,7.8125,112.5,True,blind_matched_filter_energy_search,6,6,2.7538735181131813e-17,4.440892098500626e-16,+0;+0;+0;+0;+0;+0,SYNTHETIC
5,7.8125,112.5,True,blind_raw_frame_energy_search,6,6,2.7538735181131813e-17,4.440892098500626e-16,+0;+0;+0;+0;+0;+0,SYNTHETIC
6,9.375,135.0,True,existing_nominal_decoder,6,0,1.610617414647843,3.4141362225689025,,SYNTHETIC
6,9.375,135.0,True,oracle_exact_timing,6,6,2.7538735181131813e-17,4.440892098500626e-16,,SYNTHETIC
6,9.375,135.0,True,blind_matched_filter_energy_search,6,6,2.7538735181131813e-17,4.440892098500626e-16,+0;+0;+0;+0;+0;+0,SYNTHETIC
6,9.375,135.0,True,blind_raw_frame_energy_search,6,6,2.7538735181131813e-17,4.440892098500626e-16,+0;+0;+0;+0;+0;+0,SYNTHETIC
7,10.9375,157.5,True,existing_nominal_decoder,6,0,1.8007389372233196,3.847652036270074,,SYNTHETIC
7,10.9375,157.5,True,oracle_exact_timing,6,6,2.7538735181131813e-17,4.440892098500626e-16,,SYNTHETIC
7,10.9375,157.5,True,blind_matched_filter_energy_search,6,6,2.7538735181131813e-17,4.440892098500626e-16,+0;+0;+0;+0;+0;+0,SYNTHETIC
7,10.9375,157.5,True,blind_raw_frame_energy_search,6,6,2.7538735181131813e-17,4.440892098500626e-16,+0;+0;+0;+0;+0;+0,SYNTHETIC
8,12.5,180.0,True,existing_nominal_decoder,6,0,1.862032120245176,3.999875,,SYNTHETIC
8,12.5,180.0,True,oracle_exact_timing,6,6,2.7538735181131813e-17,4.440892098500626e-16,,SYNTHETIC
8,12.5,180.0,True,blind_matched_filter_energy_search,6,6,2.7538735181131813e-17,4.440892098500626e-16,+0;+0;+0;+0;+0;+0,SYNTHETIC
8,12.5,180.0,True,blind_raw_frame_energy_search,6,6,2.7538735181131813e-17,4.440892098500626e-16,+0;+0;+0;+0;+0;+0,SYNTHETIC
9,14.0625,202.5,True,existing_nominal_decoder,6,0,1.7884822640763705,3.847635123891945,,SYNTHETIC
9,14.0625,202.5,True,oracle_exact_timing,6,6,2.7538735181131813e-17,4.440892098500626e-16,,SYNTHETIC
9,14.0625,202.5,True,blind_matched_filter_energy_search,6,6,2.7538735181131813e-17,4.440892098500626e-16,+0;+0;+0;+0;+0;+0,SYNTHETIC
9,14.0625,202.5,True,blind_raw_frame_energy_search,6,6,2.7538735181131813e-17,4.440892098500626e-16,+0;+0;+0;+0;+0;+0,SYNTHETIC
10,15.625,225.0,True,existing_nominal_decoder,6,0,1.5946032994414443,3.4141141254819907,,SYNTHETIC
10,15.625,225.0,True,oracle_exact_timing,6,6,2.7538735181131813e-17,4.440892098500626e-16,,SYNTHETIC
10,15.625,225.0,True,blind_matched_filter_energy_search,6,6,2.7538735181131813e-17,4.440892098500626e-16,+0;+0;+0;+0;+0;+0,SYNTHETIC
10,15.625,225.0,True,blind_raw_frame_energy_search,6,6,2.7538735181131813e-17,4.440892098500626e-16,+0;+0;+0;+0;+0;+0,SYNTHETIC
11,17.1875,247.5,True,existing_nominal_decoder,6,0,1.3127307231827607,2.7653155266329374,,SYNTHETIC
11,17.1875,247.5,True,oracle_exact_timing,6,6,2.7538735181131813e-17,4.440892098500626e-16,,SYNTHETIC
11,17.1875,247.5,True,blind_matched_filter_energy_search,6,6,2.7538735181131813e-17,4.440892098500626e-16,+0;+0;+0;+0;+0;+0,SYNTHETIC
11,17.1875,247.5,True,blind_raw_frame_energy_search,6,6,2.7538735181131813e-17,4.440892098500626e-16,+0;+0;+0;+0;+0;+0,SYNTHETIC
12,18.75,270.0,True,existing_nominal_decoder,6,0,0.9897900555929162,2.0625,,SYNTHETIC
12,18.75,270.0,True,oracle_exact_timing,6,6,2.7538735181131813e-17,4.440892098500626e-16,,SYNTHETIC
12,18.75,270.0,True,blind_matched_filter_energy_search,6,6,2.7538735181131813e-17,4.440892098500626e-16,+0;+0;+0;+0;+0;+0,SYNTHETIC
12,18.75,270.0,True,blind_raw_frame_energy_search,6,6,2.7538735181131813e-17,4.440892098500626e-16,+0;+0;+0;+0;+0;+0,SYNTHETIC
13,20.3125,292.5,True,existing_nominal_decoder,6,0,0.6821659200189139,1.6033058948484114,,SYNTHETIC
13,20.3125,292.5,True,oracle_exact_timing,6,6,2.7538735181131813e-17,4.440892098500626e-16,,SYNTHETIC
13,20.3125,292.5,True,blind_matched_filter_energy_search,6,6,2.7538735181131813e-17,4.440892098500626e-16,+0;+0;+0;+0;+0;+0,SYNTHETIC
13,20.3125,292.5,True,blind_raw_frame_energy_search,6,6,2.7538735181131813e-17,4.440892098500626e-16,+0;+0;+0;+0;+0;+0,SYNTHETIC
14,21.875,315.0,True,existing_nominal_decoder,6,0,0.43805215872981534,1.2486990449892934,,SYNTHETIC
14,21.875,315.0,True,oracle_exact_timing,6,6,2.7538735181131813e-17,4.440892098500626e-16,,SYNTHETIC
14,21.875,315.0,True,blind_matched_filter_energy_search,6,6,2.7538735181131813e-17,4.440892098500626e-16,+0;+0;+0;+0;+0;+0,SYNTHETIC
14,21.875,315.0,True,blind_raw_frame_energy_search,6,6,2.7538735181131813e-17,4.440892098500626e-16,+0;+0;+0;+0;+0;+0,SYNTHETIC
15,23.4375,337.5,True,existing_nominal_decoder,6,0,0.2914381306504091,1.042295711229576,,SYNTHETIC
15,23.4375,337.5,True,oracle_exact_timing,6,6,2.7538735181131813e-17,4.440892098500626e-16,,SYNTHETIC
15,23.4375,337.5,True,blind_matched_filter_energy_search,6,6,2.7538735181131813e-17,4.440892098500626e-16,+0;+0;+0;+0;+0;+0,SYNTHETIC
15,23.4375,337.5,True,blind_raw_frame_energy_search,6,6,2.7538735181131813e-17,4.440892098500626e-16,+0;+0;+0;+0;+0;+0,SYNTHETIC
16,25.0,360.0,True,existing_nominal_decoder,6,0,0.261969468695302,1.0,,SYNTHETIC
16,25.0,360.0,True,oracle_exact_timing,6,6,2.7538735181131813e-17,4.440892098500626e-16,,SYNTHETIC
16,25.0,360.0,True,blind_matched_filter_energy_search,6,6,2.7538735181131813e-17,4.440892098500626e-16,+0;+0;+0;+0;+0;+0,SYNTHETIC
16,25.0,360.0,True,blind_raw_frame_energy_search,6,6,2.7538735181131813e-17,4.440892098500626e-16,+0;+0;+0;+0;+0;+0,SYNTHETIC
17,26.5625,382.5,False,existing_nominal_decoder,6,0,0.308813380555139,1.1099452237478507,,SYNTHETIC
17,26.5625,382.5,False,oracle_exact_timing,6,6,2.7538735181131813e-17,4.440892098500626e-16,,SYNTHETIC
17,26.5625,382.5,False,blind_matched_filter_energy_search,6,4,0.758040608134568,3.999875,+8;+1;+8;+1;+1;+1,SYNTHETIC
17,26.5625,382.5,False,blind_raw_frame_energy_search,6,6,0.08149345711369632,0.18606569123656413,+1;+1;+1;+1;+1;+1,SYNTHETIC
18,28.125,405.0,False,existing_nominal_decoder,6,0,0.4593644278865943,1.3370873926376121,,SYNTHETIC
18,28.125,405.0,False,oracle_exact_timing,6,6,2.7538735181131813e-17,4.440892098500626e-16,,SYNTHETIC
18,28.125,405.0,False,blind_matched_filter_energy_search,6,0,1.862032120245176,3.999875,+8;+8;+8;+8;+8;+8,SYNTHETIC
18,28.125,405.0,False,blind_raw_frame_energy_search,6,0,0.295307355876215,0.6299806114510642,+2;+2;+2;+2;+2;+2,SYNTHETIC
19,29.6875,427.5,False,existing_nominal_decoder,6,0,0.6885127405627302,1.6313272404214096,,SYNTHETIC
19,29.6875,427.5,False,oracle_exact_timing,6,6,2.7538735181131813e-17,4.440892098500626e-16,,SYNTHETIC
19,29.6875,427.5,False,blind_matched_filter_energy_search,6,0,1.862032120245176,3.999875,+8;+8;+8;+8;+8;+8,SYNTHETIC
19,29.6875,427.5,False,blind_raw_frame_energy_search,6,0,0.6058925582818706,1.2486438080563196,+3;+3;+3;+3;+3;+3,SYNTHETIC
20,31.25,450.0,False,existing_nominal_decoder,6,0,0.9652637905194427,1.9999843749999997,,SYNTHETIC
20,31.25,450.0,False,oracle_exact_timing,6,6,2.7538735181131813e-17,4.440892098500626e-16,,SYNTHETIC
20,31.25,450.0,False,blind_matched_filter_energy_search,6,0,1.862032120245176,3.999875,+8;+8;+8;+8;+8;+8,SYNTHETIC
20,31.25,450.0,False,blind_raw_frame_energy_search,6,0,0.9652637905194427,1.9999843749999997,+4;+4;+4;+4;+4;+4,SYNTHETIC
21,32.8125,472.5,False,existing_nominal_decoder,6,0,1.2484659125794826,2.765226861111239,,SYNTHETIC
21,32.8125,472.5,False,oracle_exact_timing,6,6,2.7538735181131813e-17,4.440892098500626e-16,,SYNTHETIC
21,32.8125,472.5,False,blind_matched_filter_energy_search,6,0,1.862032120245176,3.999875,+8;+8;+8;+8;+8;+8,SYNTHETIC
21,32.8125,472.5,False,blind_raw_frame_energy_search,6,0,1.317895968325737,2.76532253196933,+5;+5;+5;+5;+5;+5,SYNTHETIC
22,34.375,495.0,False,existing_nominal_decoder,6,0,1.4844733633682299,3.413959445873606,,SYNTHETIC
22,34.375,495.0,False,oracle_exact_timing,6,6,2.7538735181131813e-17,4.440892098500626e-16,,SYNTHETIC
22,34.375,495.0,False,blind_matched_filter_energy_search,6,0,1.862032120245176,3.999875,+8;+8;+8;+8;+8;+8,SYNTHETIC
22,34.375,495.0,False,blind_raw_frame_energy_search,6,0,1.7726833007216527,3.847652036270074,+7;+7;+7;+7;+7;+6,SYNTHETIC
23,35.9375,517.5,False,existing_nominal_decoder,6,0,1.6377372587208603,3.8474210663869464,,SYNTHETIC
23,35.9375,517.5,False,oracle_exact_timing,6,6,2.7538735181131813e-17,4.440892098500626e-16,,SYNTHETIC
23,35.9375,517.5,False,blind_matched_filter_energy_search,6,0,1.862032120245176,3.999875,+8;+8;+8;+8;+8;+8,SYNTHETIC
23,35.9375,517.5,False,blind_raw_frame_energy_search,6,0,1.8007389372233196,3.847652036270074,+7;+7;+7;+7;+7;+7,SYNTHETIC
24,37.5,540.0,False,existing_nominal_decoder,6,0,1.686404582659641,3.999625,,SYNTHETIC
24,37.5,540.0,False,oracle_exact_timing,6,6,2.7538735181131813e-17,4.440892098500626e-16,,SYNTHETIC
24,37.5,540.0,False,blind_matched_filter_energy_search,6,0,1.862032120245176,3.999875,+8;+8;+8;+8;+8;+8,SYNTHETIC
24,37.5,540.0,False,blind_raw_frame_energy_search,6,0,1.862032120245176,3.999875,+8;+8;+8;+8;+8;+8,SYNTHETIC
25,39.0625,562.5,False,existing_nominal_decoder,6,0,1.6261906626634104,3.8474041540088173,,SYNTHETIC
25,39.0625,562.5,False,oracle_exact_timing,6,6,2.7538735181131813e-17,4.440892098500626e-16,,SYNTHETIC
25,39.0625,562.5,False,blind_matched_filter_energy_search,6,0,1.1791631190142298,3.7461545527904803,+16;+9;+16;+9;+9;+9,SYNTHETIC
25,39.0625,562.5,False,blind_raw_frame_energy_search,6,0,1.7884822640763705,3.847635123891945,+9;+9;+9;+9;+9;+9,SYNTHETIC
26,40.625,585.0,False,existing_nominal_decoder,6,0,1.4693870085891783,3.4139373487866944,,SYNTHETIC
26,40.625,585.0,False,oracle_exact_timing,6,6,2.7538735181131813e-17,4.440892098500626e-16,,SYNTHETIC
26,40.625,585.0,False,blind_matched_filter_energy_search,6,0,0.261969468695302,1.0,+16;+16;+16;+16;+16;+16,SYNTHETIC
26,40.625,585.0,False,blind_raw_frame_energy_search,6,0,1.5946032994414443,3.4141141254819907,+10;+10;+10;+10;+10;+10,SYNTHETIC
27,42.1875,607.5,False,existing_nominal_decoder,6,0,1.2433890323324421,2.765219855774846,,SYNTHETIC
27,42.1875,607.5,False,oracle_exact_timing,6,6,2.7538735181131813e-17,4.440892098500626e-16,,SYNTHETIC
27,42.1875,607.5,False,blind_matched_filter_energy_search,6,0,0.261969468695302,1.0,+16;+16;+16;+16;+16;+16,SYNTHETIC
27,42.1875,607.5,False,blind_raw_frame_energy_search,6,0,1.3127307231827607,2.7653155266329374,+11;+11;+11;+11;+11;+11,SYNTHETIC
28,43.75,630.0,False,existing_nominal_decoder,6,0,0.9897900555929162,2.0625,,SYNTHETIC
28,43.75,630.0,False,oracle_exact_timing,6,6,2.7538735181131813e-17,4.440892098500626e-16,,SYNTHETIC
28,43.75,630.0,False,blind_matched_filter_energy_search,6,0,0.261969468695302,1.0,+16;+16;+16;+16;+16;+16,SYNTHETIC
28,43.75,630.0,False,blind_raw_frame_energy_search,6,0,0.9897900555929162,2.0625,+12;+12;+12;+12;+12;+12,SYNTHETIC
29,45.3125,652.5,False,existing_nominal_decoder,6,0,0.7693890374200785,1.985989327213501,,SYNTHETIC
29,45.3125,652.5,False,oracle_exact_timing,6,6,2.7538735181131813e-17,4.440892098500626e-16,,SYNTHETIC
29,45.3125,652.5,False,blind_matched_filter_energy_search,6,0,0.261969468695302,1.0,+16;+16;+16;+16;+16;+16,SYNTHETIC
29,45.3125,652.5,False,blind_raw_frame_energy_search,6,0,0.6821659200189139,1.6033058948484114,+13;+13;+13;+13;+13;+13,SYNTHETIC
30,46.875,675.0,False,existing_nominal_decoder,6,0,0.6085503119840473,1.9558058261758409,,SYNTHETIC
30,46.875,675.0,False,oracle_exact_timing,6,6,2.7538735181131813e-17,4.440892098500626e-16,,SYNTHETIC
30,46.875,675.0,False,blind_matched_filter_energy_search,6,0,0.261969468695302,1.0,+16;+16;+16;+16;+16;+16,SYNTHETIC
30,46.875,675.0,False,blind_raw_frame_energy_search,6,0,0.2914381306504091,1.042295711229576,+15;+15;+15;+15;+15;+15,SYNTHETIC
31,48.4375,697.5,False,existing_nominal_decoder,6,0,0.5305377571391898,1.9661752437408628,,SYNTHETIC
31,48.4375,697.5,False,oracle_exact_timing,6,6,2.7538735181131813e-17,4.440892098500626e-16,,SYNTHETIC
31,48.4375,697.5,False,blind_matched_filter_energy_search,6,0,0.261969468695302,1.0,+16;+16;+16;+16;+16;+16,SYNTHETIC
31,48.4375,697.5,False,blind_raw_frame_energy_search,6,0,0.2914381306504091,1.042295711229576,+15;+15;+15;+15;+15;+15,SYNTHETIC
32,50.0,720.0,False,existing_nominal_decoder,6,0,0.5239389373906039,2.0,,SYNTHETIC
32,50.0,720.0,False,oracle_exact_timing,6,6,2.7538735181131813e-17,4.440892098500626e-16,,SYNTHETIC
32,50.0,720.0,False,blind_matched_filter_energy_search,6,0,0.261969468695302,1.0,+16;+16;+16;+16;+16;+16,SYNTHETIC
32,50.0,720.0,False,blind_raw_frame_energy_search,6,0,0.261969468695302,1.0,+16;+16;+16;+16;+16;+16,SYNTHETIC
