noise_std,vector_pattern,frames,components,frames_passing,frame_pass_share,wilson95_lower,wilson95_upper,empirical_mae,theory_mae,abs_mae_gap,empirical_rmse,theory_rmse,abs_rmse_gap,empirical_mean_bias,theory_mean_bias,abs_mean_bias_gap,empirical_variance,theory_variance,abs_variance_gap,theory_frame_pass_probability,abs_pass_probability_gap
0.0,mixed_signs,2000,64000,2000,1.0,,,3.469446951953614e-17,0.0,3.469446951953614e-17,8.326672684688674e-17,0.0,8.326672684688674e-17,-6.938893903907228e-18,0.0,6.938893903907228e-18,6.885199551184368e-33,0.0,6.885199551184368e-33,1.0,0.0
0.0,sparse_and_zeros,2000,64000,2000,1.0,,,0.0,0.0,0.0,0.0,0.0,0.0,0.0,0.0,0.0,0.0,0.0,0.0,1.0,0.0
0.0,boundary_values,2000,64000,2000,1.0,,,1.3877787807814457e-17,0.0,1.3877787807814457e-17,5.551115123125783e-17,0.0,5.551115123125783e-17,-1.3877787807814457e-17,0.0,1.3877787807814457e-17,2.8888949165808538e-33,0.0,2.8888949165808538e-33,1.0,0.0
0.0,randomized_1,2000,64000,2000,1.0,,,5.377642775528102e-17,0.0,5.377642775528102e-17,1.0614466625631893e-16,0.0,1.0614466625631893e-16,-1.734723475976807e-18,0.0,1.734723475976807e-18,1.1263680909127225e-32,0.0,1.1263680909127225e-32,1.0,0.0
0.0,randomized_2,2000,64000,2000,1.0,,,3.122502256758253e-17,0.0,3.122502256758253e-17,8.092071311423672e-17,0.0,8.092071311423672e-17,-1.734723475976807e-17,0.0,1.734723475976807e-17,6.247235257106096e-33,0.0,6.247235257106096e-33,1.0,0.0
0.0,randomized_3,2000,64000,2000,1.0,,,3.165870343657673e-17,0.0,3.165870343657673e-17,9.816143974602446e-17,0.0,9.816143974602446e-17,-2.3852447794681098e-17,0.0,2.3852447794681098e-17,9.066728987214402e-33,0.0,9.066728987214402e-33,1.0,0.0
0.0,POOLED_ALL_VECTORS,12000,384000,12000,1.0,,,2.7538735181131813e-17,0.0,2.7538735181131813e-17,7.902041503034511e-17,0.0,7.902041503034511e-17,-1.0625181290357943e-17,0.0,1.0625181290357943e-17,6.131331514115019e-33,0.0,6.131331514115019e-33,1.0,0.0
0.03,mixed_signs,2000,64000,2000,1.0,0.9980829527187469,0.9999999999999998,0.004215015971655882,0.004231421876608172,1.6405904952289906e-05,0.0052892944768754184,0.005303300858899106,1.4006382023687425e-05,-5.050176804683622e-07,0.0,5.050176804683622e-07,2.7976635808061942e-05,2.8125e-05,1.4836419193805717e-07,1.0,0.0
0.03,sparse_and_zeros,2000,64000,2000,1.0,0.9980829527187469,0.9999999999999998,0.004254410138097951,0.004231421876608172,2.2988261489778443e-05,0.005327265780638101,0.005303300858899106,2.3964921738995476e-05,-2.299360043947031e-05,0.0,2.299360043947031e-05,2.8379231991896516e-05,2.8125e-05,2.5423199189651634e-07,1.0,0.0
0.03,boundary_values,2000,64000,2000,1.0,0.9980829527187469,0.9999999999999998,0.0042173629062500564,0.004231421876608172,1.405897035811586e-05,0.005285514793888874,0.005303300858899106,1.778606501023211e-05,1.932238124117657e-05,0.0,1.932238124117657e-05,2.7936293282001313e-05,2.8125e-05,1.8870671799868583e-07,1.0,0.0
0.03,randomized_1,2000,64000,2000,1.0,0.9980829527187469,0.9999999999999998,0.004207507293399668,0.004231421876608172,2.391458320850394e-05,0.005283748016446364,0.005303300858899106,1.9552842452742053e-05,-1.5861299221030734e-05,0.0,1.5861299221030734e-05,2.791774152048791e-05,2.8125e-05,2.072584795120894e-07,1.0,0.0
0.03,randomized_2,2000,64000,2000,1.0,0.9980829527187469,0.9999999999999998,0.004243736050051916,0.004231421876608172,1.231417344374399e-05,0.005319026022477654,0.005303300858899106,1.5725163578548564e-05,5.967902352882404e-06,0.0,5.967902352882404e-06,2.8292002211935966e-05,2.8125e-05,1.670022119359671e-07,1.0,0.0
0.03,randomized_3,2000,64000,2000,1.0,0.9980829527187469,0.9999999999999998,0.004224518301905237,0.004231421876608172,6.903574702935358e-06,0.005294992198197072,0.005303300858899106,8.308660702034155e-06,-1.5484495523502503e-05,0.0,1.5484495523502503e-05,2.8036702609366233e-05,2.8125e-05,8.829739063376585e-08,1.0,0.0
0.03,POOLED_ALL_VECTORS,12000,384000,12000,1.0,0.9996799808766326,1.0,0.004227091776893452,0.004231421876608172,4.330099714720294e-06,0.005300000577124871,0.005303300858899106,3.300281774234505e-06,-4.925688211735487e-06,0.0,4.925688211735487e-06,2.808998185511961e-05,2.8125e-05,3.5018144880389365e-08,1.0,0.0
0.06,mixed_signs,2000,64000,2000,1.0,0.9980829527187469,0.9999999999999998,0.00846387881560202,0.008462843753216345,1.035062385674676e-06,0.010598029097015271,0.010606601717798212,8.57262078294077e-06,6.086837119483347e-05,0.0,6.086837119483347e-05,0.00011231451578257043,0.0001125,1.8548421742956597e-07,1.0,0.0
0.06,sparse_and_zeros,2000,64000,2000,1.0,0.9980829527187469,0.9999999999999998,0.008460863784585833,0.008462843753216345,1.9799686305117803e-06,0.01060584277827687,0.010606601717798212,7.589395213409428e-07,4.35859848907499e-05,0.0,4.35859848907499e-05,0.00011248200129944875,0.0001125,1.7998700551250337e-08,1.0,0.0
0.06,boundary_values,2000,64000,2000,1.0,0.9980829527187469,0.9999999999999998,0.008452368434026915,0.008462843753216345,1.0475319189429469e-05,0.010584275906060122,0.010606601717798212,2.2325811738090062e-05,-6.7180631907294e-05,0.0,6.7180631907294e-05,0.00011202238321830132,0.0001125,4.776167816986744e-07,1.0,0.0
0.06,randomized_1,2000,64000,2000,1.0,0.9980829527187469,0.9999999999999998,0.008488472436241902,0.008462843753216345,2.562868302555775e-05,0.010626691821489806,0.010606601717798212,2.009010369159389e-05,3.3313469332961666e-05,0.0,3.3313469332961666e-05,0.00011292546928167935,0.0001125,4.254692816793495e-07,1.0,0.0
0.06,randomized_2,2000,64000,2000,1.0,0.9980829527187469,0.9999999999999998,0.008455031744735183,0.008462843753216345,7.812008481161356e-06,0.010581734137530009,0.010606601717798212,2.4867580268202877e-05,5.026305873636179e-05,0.0,5.026305873636179e-05,0.0001119705709822944,0.0001125,5.294290177055921e-07,1.0,0.0
0.06,randomized_3,2000,64000,2000,1.0,0.9980829527187469,0.9999999999999998,0.00848384071136497,0.008462843753216345,2.0996958148625233e-05,0.010636891432651696,0.010606601717798212,3.028971485348475e-05,2.1397207807213157e-05,0.0,2.1397207807213157e-05,0.00011314300150951715,0.0001125,6.430015095171482e-07,1.0,0.0
0.06,POOLED_ALL_VECTORS,12000,384000,12000,1.0,0.9996799808766326,1.0,0.008467409321092804,0.008462843753216345,4.565567876459176e-06,0.010605597217276514,0.010606601717798212,1.004500521697635e-06,2.370791000913766e-05,0.0,2.370791000913766e-05,0.00011247813027010635,0.0001125,2.186972989364638e-08,1.0,0.0
0.12,mixed_signs,2000,64000,2000,1.0,0.9980829527187469,0.9999999999999998,0.01694699648279456,0.01692568750643269,2.1308976361870957e-05,0.021208238162799976,0.021213203435596423,4.965272796447762e-06,-1.5793701635449264e-05,0.0,1.5793701635449264e-05,0.0004497891165290339,0.00045,2.1088347096608886e-07,1.0,0.0
0.12,sparse_and_zeros,2000,64000,2000,1.0,0.9980829527187469,0.9999999999999998,0.01693326427948999,0.01692568750643269,7.576773057300923e-06,0.021212454643302535,0.021213203435596423,7.487922938885505e-07,-0.00012876667159877553,0.0,0.00012876667159877553,0.0004499516511384526,0.00045,4.834886154739433e-08,1.0,0.0
0.12,boundary_values,2000,64000,2000,1.0,0.9980829527187469,0.9999999999999998,0.016896948726305372,0.01692568750643269,2.8738780127317287e-05,0.02116330600206797,0.021213203435596423,4.9897433528452856e-05,1.989604377495835e-05,0.0,1.989604377495835e-05,0.00044788512508460833,0.00045,2.114874915391655e-06,1.0,0.0
0.12,randomized_1,2000,64000,2000,1.0,0.9980829527187469,0.9999999999999998,0.01690094544654044,0.01692568750643269,2.474205989224862e-05,0.021198173886429944,0.021213203435596423,1.5029549166479389e-05,8.529890792302879e-05,0.0,8.529890792302879e-05,0.0004493553002156276,0.00045,6.446997843723786e-07,1.0,0.0
0.12,randomized_2,2000,64000,2000,1.0,0.9980829527187469,0.9999999999999998,0.016981990667538988,0.01692568750643269,5.630316110629904e-05,0.021233424712900472,0.021213203435596423,2.02212773040486e-05,9.82030388792344e-05,0.0,9.82030388792344e-05,0.00045084868120156727,0.00045,8.486812015672841e-07,1.0,0.0
0.12,randomized_3,2000,64000,2000,1.0,0.9980829527187469,0.9999999999999998,0.016959177441633385,0.01692568750643269,3.348993520069579e-05,0.021226136178494236,0.021213203435596423,1.2932742897812932e-05,-9.314204304772936e-05,0.0,9.314204304772936e-05,0.0004505401816277988,0.00045,5.401816277988383e-07,1.0,0.0
0.12,POOLED_ALL_VECTORS,12000,384000,12000,1.0,0.9996799808766326,1.0,0.016936553840717124,0.01692568750643269,1.0866334284435203e-05,0.021206967711607953,0.021213203435596423,6.235723988470138e-06,-5.717404284122101e-06,0.0,5.717404284122101e-06,0.0004497354468324705,0.00045,2.6455316752950573e-07,1.0,0.0
0.2,mixed_signs,2000,64000,2000,1.0,0.9980829527187469,0.9999999999999998,0.028145148189594897,0.028209479177387815,6.433098779291824e-05,0.03525306906775137,0.035355339059327376,0.00010226999157600392,-8.446871112291166e-05,0.0,8.446871112291166e-05,0.0012427717437324898,0.0012500000000000002,7.228256267510433e-06,0.999999999950802,4.919797902402934e-11
0.2,sparse_and_zeros,2000,64000,2000,1.0,0.9980829527187469,0.9999999999999998,0.0281452283642732,0.028209479177387815,6.425081311461564e-05,0.03530383229969355,0.035355339059327376,5.150675963382784e-05,-6.854482163931443e-05,0.0,6.854482163931443e-05,0.0012463558766523117,0.0012500000000000002,3.64412334768853e-06,0.999999999950802,4.919797902402934e-11
0.2,boundary_values,2000,64000,2000,1.0,0.9980829527187469,0.9999999999999998,0.028062240936505795,0.028209479177387815,0.00014723824088202012,0.03523711989006116,0.035355339059327376,0.0001182191692662149,-4.267665654445541e-05,0.0,4.267665654445541e-05,0.0012416527968495297,0.0012500000000000002,8.347203150470533e-06,0.999999999950802,4.919797902402934e-11
0.2,randomized_1,2000,64000,2000,1.0,0.9980829527187469,0.9999999999999998,0.028190525284556005,0.028209479177387815,1.8953892831810593e-05,0.03525913646006168,0.035355339059327376,9.620259926569619e-05,-8.230418535021103e-05,0.0,8.230418535021103e-05,0.0012431999299303245,0.0012500000000000002,6.8000700696757045e-06,0.999999999950802,4.919797902402934e-11
0.2,randomized_2,2000,64000,2000,1.0,0.9980829527187469,0.9999999999999998,0.028437180454247354,0.028209479177387815,0.00022770127685953906,0.03562140782275843,0.035355339059327376,0.00026606876343105573,6.370540454874673e-05,0.0,6.370540454874673e-05,0.0012688806368967073,0.0012500000000000002,1.8880636896707013e-05,0.999999999950802,4.919797902402934e-11
0.2,randomized_3,2000,64000,2000,1.0,0.9980829527187469,0.9999999999999998,0.028168967511791532,0.028209479177387815,4.051166559628297e-05,0.03537333263558022,0.035355339059327376,1.7993576252844923e-05,-2.161693057652378e-05,0.0,2.161693057652378e-05,0.001251272194455717,0.0012500000000000002,1.2721944557167984e-06,0.999999999950802,4.919797902402934e-11
0.2,POOLED_ALL_VECTORS,12000,384000,12000,1.0,0.9996799808766326,1.0,0.02819154845682813,0.028209479177387815,1.793072055968417e-05,0.03534156696398498,0.035355339059327376,1.3772095342395874e-05,-3.931765011411159e-05,0.0,3.931765011411159e-05,0.001249024809592224,0.0012500000000000002,9.75190407776199e-07,0.999999999950802,4.919797902402934e-11
0.3,mixed_signs,2000,64000,2000,1.0,0.9980829527187469,0.9999999999999998,0.04222205581906624,0.04231421876608172,9.216294701547972e-05,0.052981802799311466,0.05303300858899106,5.120578967959116e-05,-3.207887269768212e-05,0.0,3.207887269768212e-05,0.002807070398811055,0.0028125,5.429601188944918e-06,0.9999222919659302,7.770803406981219e-05
0.3,sparse_and_zeros,2000,64000,2000,1.0,0.9980829527187469,0.9999999999999998,0.04214382787795543,0.04231421876608172,0.00017039088812628722,0.05291752494555182,0.05303300858899106,0.00011548364343923895,-0.00048599641593868956,0.0,0.00048599641593868956,0.0028000282538467934,0.0028125,1.2471746153206505e-05,0.9999222919659302,7.770803406981219e-05
0.3,boundary_values,2000,64000,2000,1.0,0.9980829527187469,0.9999999999999998,0.04225275694270539,0.04231421876608172,6.146182337633116e-05,0.05287328293856421,0.05303300858899106,0.00015972565042684378,0.00012621295017837446,0.0,0.00012621295017837446,0.002795568118992673,0.0028125,1.6931881007326965e-05,0.9999222919659302,7.770803406981219e-05
0.3,randomized_1,2000,64000,2000,1.0,0.9980829527187469,0.9999999999999998,0.04231157400904482,0.04231421876608172,2.6447570369014795e-06,0.05303419283590412,0.05303300858899106,1.184246913060738e-06,5.362945053911733e-05,0.0,5.362945053911733e-05,0.0028126227336378977,0.0028125,1.2273363789779695e-07,0.9999222919659302,7.770803406981219e-05
0.3,randomized_2,2000,64000,2000,1.0,0.9980829527187469,0.9999999999999998,0.042325236013229545,0.04231421876608172,1.1017247147825093e-05,0.053039480804735445,0.05303300858899106,6.472215744388055e-06,0.00012199853028486491,0.0,0.00012199853028486491,0.002813171640394508,0.0028125,6.71640394508087e-07,0.9999222919659302,7.770803406981219e-05
0.3,randomized_3,2000,64000,2000,1.0,0.9980829527187469,0.9999999999999998,0.04218338203042076,0.04231421876608172,0.000130836735660958,0.05284781042923973,0.05303300858899106,0.00018519815975132775,-8.687694319004001e-05,0.0,8.687694319004001e-05,0.0027928835195616007,0.0028125,1.961648043839921e-05,0.9999222919659302,7.770803406981219e-05
0.3,POOLED_ALL_VECTORS,12000,384000,12000,1.0,0.9996799808766326,1.0,0.04223980544873703,0.04231421876608172,7.441331734468759e-05,0.05294906849021097,0.05303300858899106,8.39400987800859e-05,-5.0518550137342514e-05,0.0,5.0518550137342514e-05,0.002803601301857145,0.0028125,8.898698142854964e-06,0.9999222919659302,7.770803406981219e-05
0.4,mixed_signs,2000,64000,1966,0.983,0.9763388128481535,0.987809319478156,0.05634736962942021,0.05641895835477563,7.158872535541899e-05,0.07066803419503809,0.07071067811865475,4.264392361666425e-05,-1.059707615975336e-05,0.0,1.059707615975336e-05,0.00499397094469305,0.005000000000000001,6.0290553069511366e-06,0.987059344677559,0.004059344677558974
0.4,sparse_and_zeros,2000,64000,1973,0.9865,0.9804292069930002,0.9907055060023408,0.05635949740462891,0.05641895835477563,5.946095014672248e-05,0.07052963268668684,0.07071067811865475,0.00018104543196791056,0.0007250133407876536,0.0,0.0007250133407876536,0.004973903442574644,0.005000000000000001,2.6096557425357367e-05,0.987059344677559,0.000559344677558915
0.4,boundary_values,2000,64000,1969,0.9845,0.97808335411817,0.9890590270662959,0.05643645818069727,0.05641895835477563,1.7499825921640788e-05,0.07059556499697896,0.07071067811865475,0.00011511312167579446,0.00011011744479523125,0.0,0.00011011744479523125,0.004983721671391031,0.005000000000000001,1.6278328608969675e-05,0.987059344677559,0.002559344677558917
0.4,randomized_1,2000,64000,1971,0.9855,0.9792532244366937,0.9898853226532097,0.05631893730683537,0.05641895835477563,0.00010002104794026162,0.0705824799341254,0.07071067811865475,0.00012819818452934617,-0.00011626283560215774,0.0,0.00011626283560215774,0.004981872956604273,0.005000000000000001,1.812704339572771e-05,0.987059344677559,0.001559344677558916
0.4,randomized_2,2000,64000,1985,0.9925,0.9876620858637751,0.9954496225641908,0.0562706364869065,0.05641895835477563,0.0001483218678691306,0.07047728962577422,0.07071067811865475,0.0002333884928805291,-0.0003250313937365636,0.0,0.0003250313937365636,0.004966942707588348,0.005000000000000001,3.305729241165258e-05,0.987059344677559,0.00544065532244109
0.4,randomized_3,2000,64000,1973,0.9865,0.9804292069930002,0.9907055060023408,0.05668811604271592,0.05641895835477563,0.0002691576879402871,0.07098589018147881,0.07071067811865475,0.0002752120628240623,-0.00015730668757609216,0.0,0.00015730668757609216,0.0050389718594630135,0.005000000000000001,3.8971859463012536e-05,0.987059344677559,0.000559344677558915
0.4,POOLED_ALL_VECTORS,12000,384000,11837,0.9864166666666667,0.9841844416000957,0.9883375664627218,0.056403502508534036,0.05641895835477563,1.5455846241595184e-05,0.07064000916932765,0.07071067811865475,7.0668949327099e-05,3.765546541805296e-05,0.0,3.765546541805296e-05,0.004990009477508618,0.005000000000000001,9.990522491383144e-06,0.987059344677559,0.0006426780108922392
0.45,mixed_signs,2000,64000,1907,0.9535,0.9433703066271119,0.9618909314887917,0.0636069109087759,0.06347132814912258,0.00013558275965332156,0.07974902266569878,0.07954951288348659,0.0001995097822121844,-0.00017862070141639002,0.0,0.00017862070141639002,0.006359874710779163,0.006328125,3.174971077916228e-05,0.9477992034686994,0.005700796531300623
0.45,sparse_and_zeros,2000,64000,1889,0.9445,0.9335871935538151,0.9537085514131509,0.06305865721056694,0.06347132814912258,0.00041267093855563985,0.0791080576803725,0.07954951288348659,0.00044145520311408837,7.224244522968299e-05,0.0,7.224244522968299e-05,0.0062580795709902505,0.006328125,7.004542900974995e-05,0.9477992034686994,0.0032992034686993854
0.45,boundary_values,2000,64000,1875,0.9375,0.9260297152353917,0.9472928683935119,0.06348208479766226,0.06347132814912258,1.0756648539680946e-05,0.07965739789519581,0.07954951288348659,0.00010788501170921894,0.00042733242313539905,0.0,0.00042733242313539905,0.006345118426433684,0.006328125,1.6993426433683373e-05,0.9477992034686994,0.010299203468699392
0.45,randomized_1,2000,64000,1894,0.947,0.9362966169363569,0.9559895427942029,0.06380794623010944,0.06347132814912258,0.000336618080986853,0.07998416046630044,0.07954951288348659,0.0004346475828138491,0.0005691609658322072,0.0,0.0005691609658322072,0.00639714198129387,0.006328125,6.901698129386982e-05,0.9477992034686994,0.0007992034686994387
0.45,randomized_2,2000,64000,1895,0.9475,0.9368392097083899,0.9564450329748887,0.06337286873623367,0.06347132814912258,9.845941288891269e-05,0.07934387654157433,0.07954951288348659,0.00020563634191225755,-0.00022876436230343132,0.0,0.00022876436230343132,0.00629539841151113,0.006328125,3.2726588488870764e-05,0.9477992034686994,0.00029920346869938275
0.45,randomized_3,2000,64000,1905,0.9525,0.9422790928066445,0.9609859794038216,0.06335962821960685,0.06347132814912258,0.00011169992951573504,0.07939816789040749,0.07954951288348659,0.00015134499307910276,4.5257930655614704e-05,0.0,4.5257930655614704e-05,0.006304067016073048,0.006328125,2.4057983926952138e-05,0.9477992034686994,0.004700796531300622
0.45,POOLED_ALL_VECTORS,12000,384000,11365,0.9470833333333334,0.9429329264995743,0.9509475897342814,0.06344801601715919,0.06347132814912258,2.33121319633961e-05,0.07954063760119273,0.07954951288348659,8.875282293860365e-06,0.00011776811685551375,0.0,0.00011776811685551375,0.006326699160674927,0.006328125,1.4258393250731957e-06,0.9477992034686994,0.0007158701353660035
0.5,mixed_signs,2000,64000,1717,0.8585,0.8425369106286928,0.8730885664706489,0.0705329822353562,0.07052369794346953,9.284291886665907e-06,0.08835604013565436,0.08838834764831843,3.230751266407317e-05,-0.00037267966233097864,0.0,0.00037267966233097864,0.007806650938322647,0.0078125,5.84906167735294e-06,0.8606746553700302,0.002174655370030143
0.5,sparse_and_zeros,2000,64000,1718,0.859,0.8430584362486597,0.8735651238034006,0.07053832005109432,0.07052369794346953,1.4622107624789882e-05,0.08844189578371056,0.08838834764831843,5.354813539212855e-05,-0.0006757651509691718,0.0,0.0006757651509691718,0.007821512271277453,0.0078125,9.01227127745284e-06,0.8606746553700302,0.001674655370030198
0.5,boundary_values,2000,64000,1731,0.8655,0.8498442549157271,0.8797543835216769,0.07060024617712839,0.07052369794346953,7.654823365885188e-05,0.08844942518536247,0.08838834764831843,6.107753704404084e-05,2.3091491867777038e-05,0.0,2.3091491867777038e-05,0.007823300282404036,0.0078125,1.0800282404035966e-05,0.8606746553700302,0.004825344629969863
0.5,randomized_1,2000,64000,1688,0.844,0.8274395607225219,0.859241510747976,0.07054178104725205,0.07052369794346953,1.8083103782512433e-05,0.08848312241329853,0.08838834764831843,9.477476498009896e-05,-0.00023503975212881085,0.0,0.00023503975212881085,0.007829207708321692,0.0078125,1.6707708321692452e-05,0.8606746553700302,0.01667465537003021
0.5,randomized_2,2000,64000,1726,0.863,0.8472329911935903,0.87737523248022,0.07074827297554262,0.07052369794346953,0.00022457503207308493,0.08855416789386832,0.08838834764831843,0.00016582024554988306,0.00036191542947528653,0.0,0.00036191542947528653,0.007841709668597327,0.0078125,2.9209668597327335e-05,0.8606746553700302,0.0023253446299698055
0.5,randomized_3,2000,64000,1735,0.8675,0.8519344977866566,0.8816564724616224,0.07076018215871882,0.07052369794346953,0.00023648421524928576,0.0885477110483278,0.08838834764831843,0.00015936340000936855,-0.00010130436913469872,0.0,0.00010130436913469872,0.007840686869322948,0.0078125,2.8186869322948185e-05,0.8606746553700302,0.006825344629969865
0.5,POOLED_ALL_VECTORS,12000,384000,10315,0.8595833333333334,0.8532521923395021,0.8656843272409428,0.07062029744084874,0.07052369794346953,9.659949737921003e-05,0.08847208628448058,0.08838834764831843,8.37386361621506e-05,-0.000166630335536766,0.0,0.000166630335536766,0.007827282285859856,0.0078125,1.4782285859856262e-05,0.8606746553700302,0.001091322036696818
0.6,mixed_signs,2000,64000,1118,0.559,0.5371474974467692,0.5806262909740432,0.0846614192994455,0.08462843753216344,3.2981767282058705e-05,0.10593797313669208,0.10606601717798211,0.00012804404129003466,-0.0008786155942967823,0.0,0.0008786155942967823,0.01122208218694795,0.01125,2.7917813052049864e-05,0.5515594588914335,0.007440541108566512
0.6,sparse_and_zeros,2000,64000,1135,0.5675,0.5456785727047843,0.5890626259122466,0.0847119577780047,0.08462843753216344,8.35202458412676e-05,0.10612701728932276,0.10606601717798211,6.100011134065053e-05,-6.501890729512322e-05,0.0,6.501890729512322e-05,0.011262939571269908,0.01125,1.293957126990812e-05,0.5515594588914335,0.015940541108566464
0.6,boundary_values,2000,64000,1119,0.5595,0.5376491464955502,0.5811227248779807,0.08481786668507675,0.08462843753216344,0.00018942915291331186,0.106491283265985,0.10606601717798211,0.00042526608800289023,-0.0008872155334243492,0.0,0.0008872155334243492,0.011339606260233509,0.01125,8.960626023350911e-05,0.5515594588914335,0.007940541108566457
0.6,randomized_1,2000,64000,1118,0.559,0.5371474974467692,0.5806262909740432,0.08409135561343356,0.08462843753216344,0.0005370819187298786,0.1054421617827332,0.10606601717798211,0.0006238553952489095,1.179285960029372e-05,0.0,1.179285960029372e-05,0.011118049342344548,0.01125,0.0001319506576554514,0.5515594588914335,0.007440541108566512
0.6,randomized_2,2000,64000,1125,0.5625,0.5406595098290176,0.5841008592608258,0.08465444295654062,0.08462843753216344,2.6005424377181785e-05,0.10610512104155463,0.10606601717798211,3.9103863572517716e-05,-0.0001789904827267912,0.0,0.0001789904827267912,0.011258264673650053,0.01125,8.264673650053289e-06,0.5515594588914335,0.01094054110856646
0.6,randomized_3,2000,64000,1110,0.555,0.5331351076872679,0.5766540171117944,0.08435048357015353,0.08462843753216344,0.0002779539620099136,0.10584919327585031,0.10606601717798211,0.0002168239021318047,-0.0006580738467220419,0.0,0.0006580738467220419,0.011203618655960574,0.01125,4.6381344039425274e-05,0.5515594588914335,0.0034405411085665083
0.6,POOLED_ALL_VECTORS,12000,384000,6725,0.5604166666666667,0.5515183103114984,0.5692763540444279,0.08454792098377578,0.08462843753216344,8.051654838765743e-05,0.10599260137110382,0.10606601717798211,7.341580687829363e-05,-0.0004426869174774657,0.0,0.0004426869174774657,0.011234235573706813,0.01125,1.5764426293186223e-05,0.5515594588914335,0.008857207775233134
