scenario,noise_model,noise_std,phase_offset_rad,phase_offset_deg,vector_pattern,method,trials,vector_length,mae,rmse,median_abs_error,p95_abs_error,max_abs_error,frames_passing,frame_pass_share,wilson95_lower,wilson95_upper
sample_noise,gaussian,0.0,,,mixed_signs,nominal_matched_filter,200,32,3.469446951953614e-17,8.326672684688674e-17,0.0,2.220446049250313e-16,2.220446049250313e-16,200,1.0,,
sample_noise,gaussian,0.0,,,mixed_signs,zero_output_sanity_floor,200,32,1.078125,1.2507810060118438,1.125,2.0,2.0,0,0.0,,
sample_noise,gaussian,0.0,,,sparse_and_zeros,nominal_matched_filter,200,32,0.0,0.0,0.0,0.0,0.0,200,1.0,,
sample_noise,gaussian,0.0,,,sparse_and_zeros,zero_output_sanity_floor,200,32,0.2109375,0.594571799701264,0.0,2.0,2.0,0,0.0,,
sample_noise,gaussian,0.0,,,boundary_values,nominal_matched_filter,200,32,1.3877787807814457e-17,5.551115123125783e-17,0.0,2.220446049250313e-16,2.220446049250313e-16,200,1.0,,
sample_noise,gaussian,0.0,,,boundary_values,zero_output_sanity_floor,200,32,1.09375,1.3833158533032144,1.25,2.0,2.0,0,0.0,,
sample_noise,gaussian,0.0,,,randomized_1,nominal_matched_filter,200,32,5.377642775528102e-17,1.0614466625631893e-16,0.0,2.220446049250313e-16,2.220446049250313e-16,200,1.0,,
sample_noise,gaussian,0.0,,,randomized_1,zero_output_sanity_floor,200,32,1.2870382042993223,1.392051307140276,1.4419483968200135,1.9132473331090898,1.9676845796584534,0,0.0,,
sample_noise,gaussian,0.0,,,randomized_2,nominal_matched_filter,200,32,3.122502256758253e-17,8.092071311423672e-17,0.0,2.220446049250313e-16,2.220446049250313e-16,200,1.0,,
sample_noise,gaussian,0.0,,,randomized_2,zero_output_sanity_floor,200,32,1.256881485817702,1.3640230525371106,1.3230216460107995,1.8916854316073963,1.9389468702682469,0,0.0,,
sample_noise,gaussian,0.0,,,randomized_3,nominal_matched_filter,200,32,3.165870343657673e-17,9.816143974602446e-17,0.0,2.220446049250313e-16,4.440892098500626e-16,200,1.0,,
sample_noise,gaussian,0.0,,,randomized_3,zero_output_sanity_floor,200,32,0.9339752466575527,1.0652142564016696,0.8838950196057729,1.841842075748716,1.889738560286545,0,0.0,,
sample_noise,gaussian,0.03,,,mixed_signs,nominal_matched_filter,200,32,0.004176891518762107,0.005258859831965497,0.0034926625955694623,0.01055255977502724,0.01993195343496934,200,1.0,0.9811546736227335,1.0
sample_noise,gaussian,0.03,,,mixed_signs,zero_output_sanity_floor,200,32,1.078125,1.2507810060118438,1.125,2.0,2.0,0,0.0,,
sample_noise,gaussian,0.03,,,sparse_and_zeros,nominal_matched_filter,200,32,0.004259290981107367,0.005325008892874017,0.0035897697155498854,0.010319472282977209,0.019699167858850064,200,1.0,0.9811546736227335,1.0
sample_noise,gaussian,0.03,,,sparse_and_zeros,zero_output_sanity_floor,200,32,0.2109375,0.594571799701264,0.0,2.0,2.0,0,0.0,,
sample_noise,gaussian,0.03,,,boundary_values,nominal_matched_filter,200,32,0.004264467480097716,0.005332805481776639,0.003629726951221589,0.01028347765746054,0.021430962082165328,200,1.0,0.9811546736227335,1.0
sample_noise,gaussian,0.03,,,boundary_values,zero_output_sanity_floor,200,32,1.09375,1.3833158533032144,1.25,2.0,2.0,0,0.0,,
sample_noise,gaussian,0.03,,,randomized_1,nominal_matched_filter,200,32,0.004133493458745439,0.0052202021448540135,0.00347939192972202,0.010217127653147659,0.021469006775442168,200,1.0,0.9811546736227335,1.0
sample_noise,gaussian,0.03,,,randomized_1,zero_output_sanity_floor,200,32,1.2870382042993223,1.392051307140276,1.4419483968200135,1.9132473331090898,1.9676845796584534,0,0.0,,
sample_noise,gaussian,0.03,,,randomized_2,nominal_matched_filter,200,32,0.004217673569565058,0.005263817264858838,0.0035986919779846804,0.010262396365461097,0.022213198909188492,200,1.0,0.9811546736227335,1.0
sample_noise,gaussian,0.03,,,randomized_2,zero_output_sanity_floor,200,32,1.256881485817702,1.3640230525371106,1.3230216460107995,1.8916854316073963,1.9389468702682469,0,0.0,,
sample_noise,gaussian,0.03,,,randomized_3,nominal_matched_filter,200,32,0.004236741734390806,0.0053132892618329925,0.003606144788976584,0.010334458877670748,0.02179535262381127,200,1.0,0.9811546736227335,1.0
sample_noise,gaussian,0.03,,,randomized_3,zero_output_sanity_floor,200,32,0.9339752466575527,1.0652142564016696,0.8838950196057729,1.841842075748716,1.889738560286545,0,0.0,,
sample_noise,gaussian,0.06,,,mixed_signs,nominal_matched_filter,200,32,0.00846204633846393,0.010595364950262644,0.007200495905384463,0.020737164819844958,0.03815572746855089,200,1.0,0.9811546736227335,1.0
sample_noise,gaussian,0.06,,,mixed_signs,zero_output_sanity_floor,200,32,1.078125,1.2507810060118438,1.125,2.0,2.0,0,0.0,,
sample_noise,gaussian,0.06,,,sparse_and_zeros,nominal_matched_filter,200,32,0.00842258773495545,0.01059100217605235,0.00704518822085104,0.021033648699740577,0.04346182201928328,200,1.0,0.9811546736227335,1.0
sample_noise,gaussian,0.06,,,sparse_and_zeros,zero_output_sanity_floor,200,32,0.2109375,0.594571799701264,0.0,2.0,2.0,0,0.0,,
sample_noise,gaussian,0.06,,,boundary_values,nominal_matched_filter,200,32,0.008509941707882059,0.01064423641916688,0.007219286448793865,0.020786838327392577,0.04035905614759368,200,1.0,0.9811546736227335,1.0
sample_noise,gaussian,0.06,,,boundary_values,zero_output_sanity_floor,200,32,1.09375,1.3833158533032144,1.25,2.0,2.0,0,0.0,,
sample_noise,gaussian,0.06,,,randomized_1,nominal_matched_filter,200,32,0.008555526374463706,0.010696669408967888,0.007339698855432508,0.020944506935053946,0.03890464968828544,200,1.0,0.9811546736227335,1.0
sample_noise,gaussian,0.06,,,randomized_1,zero_output_sanity_floor,200,32,1.2870382042993223,1.392051307140276,1.4419483968200135,1.9132473331090898,1.9676845796584534,0,0.0,,
sample_noise,gaussian,0.06,,,randomized_2,nominal_matched_filter,200,32,0.00846439559341575,0.010590384292003206,0.007113400521022606,0.020700220220778658,0.0376416720742041,200,1.0,0.9811546736227335,1.0
sample_noise,gaussian,0.06,,,randomized_2,zero_output_sanity_floor,200,32,1.256881485817702,1.3640230525371106,1.3230216460107995,1.8916854316073963,1.9389468702682469,0,0.0,,
sample_noise,gaussian,0.06,,,randomized_3,nominal_matched_filter,200,32,0.008416987940683303,0.010590213507559149,0.007086405709262292,0.020765569981374066,0.04166131529498651,200,1.0,0.9811546736227335,1.0
sample_noise,gaussian,0.06,,,randomized_3,zero_output_sanity_floor,200,32,0.9339752466575527,1.0652142564016696,0.8838950196057729,1.841842075748716,1.889738560286545,0,0.0,,
sample_noise,gaussian,0.12,,,mixed_signs,nominal_matched_filter,200,32,0.016767689748792107,0.021074251810135575,0.013916790326181316,0.04162819026118691,0.07447809957788043,200,1.0,0.9811546736227335,1.0
sample_noise,gaussian,0.12,,,mixed_signs,zero_output_sanity_floor,200,32,1.078125,1.2507810060118438,1.125,2.0,2.0,0,0.0,,
sample_noise,gaussian,0.12,,,sparse_and_zeros,nominal_matched_filter,200,32,0.01683718924912445,0.021166948849416962,0.013988374247605299,0.041386834584758815,0.077292526202631,200,1.0,0.9811546736227335,1.0
sample_noise,gaussian,0.12,,,sparse_and_zeros,zero_output_sanity_floor,200,32,0.2109375,0.594571799701264,0.0,2.0,2.0,0,0.0,,
sample_noise,gaussian,0.12,,,boundary_values,nominal_matched_filter,200,32,0.016860897834227548,0.02115308629710934,0.014226276650579073,0.041119109465418954,0.09362656414466222,200,1.0,0.9811546736227335,1.0
sample_noise,gaussian,0.12,,,boundary_values,zero_output_sanity_floor,200,32,1.09375,1.3833158533032144,1.25,2.0,2.0,0,0.0,,
sample_noise,gaussian,0.12,,,randomized_1,nominal_matched_filter,200,32,0.01683994041251526,0.02110503323734493,0.014292383155547594,0.04118226561047201,0.07978278715245901,200,1.0,0.9811546736227335,1.0
sample_noise,gaussian,0.12,,,randomized_1,zero_output_sanity_floor,200,32,1.2870382042993223,1.392051307140276,1.4419483968200135,1.9132473331090898,1.9676845796584534,0,0.0,,
sample_noise,gaussian,0.12,,,randomized_2,nominal_matched_filter,200,32,0.016550553055186445,0.020886626315261447,0.013982864854048316,0.0414268939817943,0.10302858095918443,200,1.0,0.9811546736227335,1.0
sample_noise,gaussian,0.12,,,randomized_2,zero_output_sanity_floor,200,32,1.256881485817702,1.3640230525371106,1.3230216460107995,1.8916854316073963,1.9389468702682469,0,0.0,,
sample_noise,gaussian,0.12,,,randomized_3,nominal_matched_filter,200,32,0.016793630996300914,0.02109708783898878,0.014040936361586542,0.041442396187874146,0.08421267709555158,200,1.0,0.9811546736227335,1.0
sample_noise,gaussian,0.12,,,randomized_3,zero_output_sanity_floor,200,32,0.9339752466575527,1.0652142564016696,0.8838950196057729,1.841842075748716,1.889738560286545,0,0.0,,
sample_noise,gaussian,0.2,,,mixed_signs,nominal_matched_filter,200,32,0.028058829386716447,0.03518021384092286,0.02379598442540154,0.06905220285097001,0.15074244032025286,200,1.0,0.9811546736227335,1.0
sample_noise,gaussian,0.2,,,mixed_signs,zero_output_sanity_floor,200,32,1.078125,1.2507810060118438,1.125,2.0,2.0,0,0.0,,
sample_noise,gaussian,0.2,,,sparse_and_zeros,nominal_matched_filter,200,32,0.028328712111427477,0.03524339386508664,0.023952986233020078,0.06789891189026298,0.14045156829355132,200,1.0,0.9811546736227335,1.0
sample_noise,gaussian,0.2,,,sparse_and_zeros,zero_output_sanity_floor,200,32,0.2109375,0.594571799701264,0.0,2.0,2.0,0,0.0,,
sample_noise,gaussian,0.2,,,boundary_values,nominal_matched_filter,200,32,0.02839074998743298,0.035672975707513786,0.024045771065340782,0.07071816522918281,0.12482469945463848,200,1.0,0.9811546736227335,1.0
sample_noise,gaussian,0.2,,,boundary_values,zero_output_sanity_floor,200,32,1.09375,1.3833158533032144,1.25,2.0,2.0,0,0.0,,
sample_noise,gaussian,0.2,,,randomized_1,nominal_matched_filter,200,32,0.028047489810425156,0.03514056983323087,0.023596761384939713,0.06943475953159352,0.14572578451213603,200,1.0,0.9811546736227335,1.0
sample_noise,gaussian,0.2,,,randomized_1,zero_output_sanity_floor,200,32,1.2870382042993223,1.392051307140276,1.4419483968200135,1.9132473331090898,1.9676845796584534,0,0.0,,
sample_noise,gaussian,0.2,,,randomized_2,nominal_matched_filter,200,32,0.028837673862127253,0.03602608200486803,0.024596738500707094,0.06980918531005452,0.1348935968834919,200,1.0,0.9811546736227335,1.0
sample_noise,gaussian,0.2,,,randomized_2,zero_output_sanity_floor,200,32,1.256881485817702,1.3640230525371106,1.3230216460107995,1.8916854316073963,1.9389468702682469,0,0.0,,
sample_noise,gaussian,0.2,,,randomized_3,nominal_matched_filter,200,32,0.0284026517073588,0.035727703623118195,0.023912057794077235,0.06996799686498349,0.13018492680870286,200,1.0,0.9811546736227335,1.0
sample_noise,gaussian,0.2,,,randomized_3,zero_output_sanity_floor,200,32,0.9339752466575527,1.0652142564016696,0.8838950196057729,1.841842075748716,1.889738560286545,0,0.0,,
sample_noise,gaussian,0.3,,,mixed_signs,nominal_matched_filter,200,32,0.04217745736970656,0.052677646899624474,0.03535678823596827,0.10231991874255153,0.2005024807475148,200,1.0,0.9811546736227335,1.0
sample_noise,gaussian,0.3,,,mixed_signs,zero_output_sanity_floor,200,32,1.078125,1.2507810060118438,1.125,2.0,2.0,0,0.0,,
sample_noise,gaussian,0.3,,,sparse_and_zeros,nominal_matched_filter,200,32,0.04260808681032641,0.053337148179966,0.03609963422804012,0.10348575172755964,0.21733638143645392,200,1.0,0.9811546736227335,1.0
sample_noise,gaussian,0.3,,,sparse_and_zeros,zero_output_sanity_floor,200,32,0.2109375,0.594571799701264,0.0,2.0,2.0,0,0.0,,
sample_noise,gaussian,0.3,,,boundary_values,nominal_matched_filter,200,32,0.04224000275633449,0.052918528705020715,0.03561847643368099,0.10428834192473362,0.20140802879828495,200,1.0,0.9811546736227335,1.0
sample_noise,gaussian,0.3,,,boundary_values,zero_output_sanity_floor,200,32,1.09375,1.3833158533032144,1.25,2.0,2.0,0,0.0,,
sample_noise,gaussian,0.3,,,randomized_1,nominal_matched_filter,200,32,0.04240141985024439,0.05303031485392228,0.03607509662514918,0.10373777361199535,0.21305863912622103,200,1.0,0.9811546736227335,1.0
sample_noise,gaussian,0.3,,,randomized_1,zero_output_sanity_floor,200,32,1.2870382042993223,1.392051307140276,1.4419483968200135,1.9132473331090898,1.9676845796584534,0,0.0,,
sample_noise,gaussian,0.3,,,randomized_2,nominal_matched_filter,200,32,0.04214914268781415,0.05278220873983071,0.03573783059224683,0.10233298861879948,0.26165264816124845,199,0.995,0.9722262956021069,0.9991168312843989
sample_noise,gaussian,0.3,,,randomized_2,zero_output_sanity_floor,200,32,1.256881485817702,1.3640230525371106,1.3230216460107995,1.8916854316073963,1.9389468702682469,0,0.0,,
sample_noise,gaussian,0.3,,,randomized_3,nominal_matched_filter,200,32,0.04282440985611716,0.05353729932322266,0.03620998531242199,0.10522400288591442,0.20154962675144938,200,1.0,0.9811546736227335,1.0
sample_noise,gaussian,0.3,,,randomized_3,zero_output_sanity_floor,200,32,0.9339752466575527,1.0652142564016696,0.8838950196057729,1.841842075748716,1.889738560286545,0,0.0,,
sample_noise,gaussian,0.4,,,mixed_signs,nominal_matched_filter,200,32,0.055638844913858516,0.07010526575821502,0.046614587826591926,0.13848930179473704,0.27168919468371255,196,0.98,0.9497129130941735,0.9921955735836505
sample_noise,gaussian,0.4,,,mixed_signs,zero_output_sanity_floor,200,32,1.078125,1.2507810060118438,1.125,2.0,2.0,0,0.0,,
sample_noise,gaussian,0.4,,,sparse_and_zeros,nominal_matched_filter,200,32,0.05539200404149048,0.06938519381756854,0.046455615328091567,0.13485308518596942,0.2954618778061212,196,0.98,0.9497129130941735,0.9921955735836505
sample_noise,gaussian,0.4,,,sparse_and_zeros,zero_output_sanity_floor,200,32,0.2109375,0.594571799701264,0.0,2.0,2.0,0,0.0,,
sample_noise,gaussian,0.4,,,boundary_values,nominal_matched_filter,200,32,0.0559911139512853,0.06986158939000568,0.0475953111066621,0.13480444906430444,0.25641532549583124,198,0.99,0.9642782382838231,0.9972533418664555
sample_noise,gaussian,0.4,,,boundary_values,zero_output_sanity_floor,200,32,1.09375,1.3833158533032144,1.25,2.0,2.0,0,0.0,,
sample_noise,gaussian,0.4,,,randomized_1,nominal_matched_filter,200,32,0.05728550286456846,0.07163118707836552,0.04852631085302345,0.14004195579798812,0.25690417295069656,198,0.99,0.9642782382838231,0.9972533418664555
sample_noise,gaussian,0.4,,,randomized_1,zero_output_sanity_floor,200,32,1.2870382042993223,1.392051307140276,1.4419483968200135,1.9132473331090898,1.9676845796584534,0,0.0,,
sample_noise,gaussian,0.4,,,randomized_2,nominal_matched_filter,200,32,0.055969491434376586,0.0700172258377716,0.04715198516540431,0.13719155353065363,0.3004111249470858,198,0.99,0.9642782382838231,0.9972533418664555
sample_noise,gaussian,0.4,,,randomized_2,zero_output_sanity_floor,200,32,1.256881485817702,1.3640230525371106,1.3230216460107995,1.8916854316073963,1.9389468702682469,0,0.0,,
sample_noise,gaussian,0.4,,,randomized_3,nominal_matched_filter,200,32,0.05595671739151469,0.070207724944572,0.04662796015084669,0.1379780271152699,0.24814876223608628,200,1.0,0.9811546736227335,1.0
sample_noise,gaussian,0.4,,,randomized_3,zero_output_sanity_floor,200,32,0.9339752466575527,1.0652142564016696,0.8838950196057729,1.841842075748716,1.889738560286545,0,0.0,,
sample_noise,gaussian,0.45,,,mixed_signs,nominal_matched_filter,200,32,0.06285716745547715,0.07886558604557857,0.05210998823890578,0.15669225937503672,0.3170575242592753,189,0.945,0.9042130012276914,0.9690146582965411
sample_noise,gaussian,0.45,,,mixed_signs,zero_output_sanity_floor,200,32,1.078125,1.2507810060118438,1.125,2.0,2.0,0,0.0,,
sample_noise,gaussian,0.45,,,sparse_and_zeros,nominal_matched_filter,200,32,0.06346240435731627,0.07941655397269731,0.05331247949893487,0.15585020759660773,0.34932161000360495,194,0.97,0.9361057075454807,0.9861796856598887
sample_noise,gaussian,0.45,,,sparse_and_zeros,zero_output_sanity_floor,200,32,0.2109375,0.594571799701264,0.0,2.0,2.0,0,0.0,,
sample_noise,gaussian,0.45,,,boundary_values,nominal_matched_filter,200,32,0.06406725719494574,0.08027527211144961,0.05381363977331022,0.15732555820365957,0.39254469468534436,187,0.935,0.8919809207009312,0.961623645350847
sample_noise,gaussian,0.45,,,boundary_values,zero_output_sanity_floor,200,32,1.09375,1.3833158533032144,1.25,2.0,2.0,0,0.0,,
sample_noise,gaussian,0.45,,,randomized_1,nominal_matched_filter,200,32,0.0630531562833829,0.07901607216403042,0.05314744601929122,0.15653923662977617,0.3002191655036386,195,0.975,0.942821659593358,0.9892752803482386
sample_noise,gaussian,0.45,,,randomized_1,zero_output_sanity_floor,200,32,1.2870382042993223,1.392051307140276,1.4419483968200135,1.9132473331090898,1.9676845796584534,0,0.0,,
sample_noise,gaussian,0.45,,,randomized_2,nominal_matched_filter,200,32,0.06415374669439401,0.0799636520314851,0.05508699078989909,0.15465671035850412,0.3128986350577059,187,0.935,0.8919809207009312,0.961623645350847
sample_noise,gaussian,0.45,,,randomized_2,zero_output_sanity_floor,200,32,1.256881485817702,1.3640230525371106,1.3230216460107995,1.8916854316073963,1.9389468702682469,0,0.0,,
sample_noise,gaussian,0.45,,,randomized_3,nominal_matched_filter,200,32,0.06343500315038371,0.07956706072467573,0.053913608288232606,0.1557713812813841,0.30661617575186595,190,0.95,0.9104218518612239,0.972617354399236
sample_noise,gaussian,0.45,,,randomized_3,zero_output_sanity_floor,200,32,0.9339752466575527,1.0652142564016696,0.8838950196057729,1.841842075748716,1.889738560286545,0,0.0,,
sample_noise,gaussian,0.5,,,mixed_signs,nominal_matched_filter,200,32,0.07123995045302968,0.08896465206979962,0.06128805110437302,0.17259124510024826,0.37489661754633763,168,0.84,0.7828592983793289,0.8843258796841297
sample_noise,gaussian,0.5,,,mixed_signs,zero_output_sanity_floor,200,32,1.078125,1.2507810060118438,1.125,2.0,2.0,0,0.0,,
sample_noise,gaussian,0.5,,,sparse_and_zeros,nominal_matched_filter,200,32,0.06959218470296095,0.08715587309419555,0.05896642837280572,0.17030707679082027,0.3277625387805694,181,0.905,0.8563983883518006,0.9383368972826135
sample_noise,gaussian,0.5,,,sparse_and_zeros,zero_output_sanity_floor,200,32,0.2109375,0.594571799701264,0.0,2.0,2.0,0,0.0,,
sample_noise,gaussian,0.5,,,boundary_values,nominal_matched_filter,200,32,0.07146935237636164,0.0895198528078142,0.06063371284640423,0.17556509095284467,0.35650462138489747,164,0.82,0.7608852497127511,0.8670537414057983
sample_noise,gaussian,0.5,,,boundary_values,zero_output_sanity_floor,200,32,1.09375,1.3833158533032144,1.25,2.0,2.0,0,0.0,,
sample_noise,gaussian,0.5,,,randomized_1,nominal_matched_filter,200,32,0.07150988519564777,0.08914170900177205,0.061187842788390956,0.1716519573231942,0.3531759578968998,171,0.855,0.7995133246921847,0.8971064935799559
sample_noise,gaussian,0.5,,,randomized_1,zero_output_sanity_floor,200,32,1.2870382042993223,1.392051307140276,1.4419483968200135,1.9132473331090898,1.9676845796584534,0,0.0,,
sample_noise,gaussian,0.5,,,randomized_2,nominal_matched_filter,200,32,0.07050818806516415,0.08886987366135983,0.058492110125327956,0.1731049885915516,0.3849138184591099,165,0.825,0.7663556885175099,0.8713948493372666
sample_noise,gaussian,0.5,,,randomized_2,zero_output_sanity_floor,200,32,1.256881485817702,1.3640230525371106,1.3230216460107995,1.8916854316073963,1.9389468702682469,0,0.0,,
sample_noise,gaussian,0.5,,,randomized_3,nominal_matched_filter,200,32,0.07021460547218553,0.08833236345143039,0.05932066108632761,0.1724925075442218,0.3669766875136986,171,0.855,0.7995133246921847,0.8971064935799559
sample_noise,gaussian,0.5,,,randomized_3,zero_output_sanity_floor,200,32,0.9339752466575527,1.0652142564016696,0.8838950196057729,1.841842075748716,1.889738560286545,0,0.0,,
sample_noise,gaussian,0.6,,,mixed_signs,nominal_matched_filter,200,32,0.08443692983904545,0.10539491970624945,0.07186633193464301,0.2058132079003437,0.36833459213058983,113,0.565,0.49570736259794607,0.6318427449730093
sample_noise,gaussian,0.6,,,mixed_signs,zero_output_sanity_floor,200,32,1.078125,1.2507810060118438,1.125,2.0,2.0,0,0.0,,
sample_noise,gaussian,0.6,,,sparse_and_zeros,nominal_matched_filter,200,32,0.08444995782055137,0.10612548950908968,0.0708194915516695,0.20589527642054054,0.4429217652166341,111,0.555,0.4857330241280342,0.6221939899704665
sample_noise,gaussian,0.6,,,sparse_and_zeros,zero_output_sanity_floor,200,32,0.2109375,0.594571799701264,0.0,2.0,2.0,0,0.0,,
sample_noise,gaussian,0.6,,,boundary_values,nominal_matched_filter,200,32,0.0843758283667258,0.10582807669769988,0.07107867450310984,0.20873476300526952,0.3795184914651668,112,0.56,0.4907167533465867,0.6270218074881414
sample_noise,gaussian,0.6,,,boundary_values,zero_output_sanity_floor,200,32,1.09375,1.3833158533032144,1.25,2.0,2.0,0,0.0,,
sample_noise,gaussian,0.6,,,randomized_1,nominal_matched_filter,200,32,0.08599460081602853,0.10758626963869906,0.07307353814133377,0.2097050702160361,0.4306321306170484,106,0.53,0.4609168291500183,0.5979524512673458
sample_noise,gaussian,0.6,,,randomized_1,zero_output_sanity_floor,200,32,1.2870382042993223,1.392051307140276,1.4419483968200135,1.9132473331090898,1.9676845796584534,0,0.0,,
sample_noise,gaussian,0.6,,,randomized_2,nominal_matched_filter,200,32,0.08291603686051854,0.10428495277460456,0.0696360666561957,0.20607955582206794,0.45472559068270146,113,0.565,0.49570736259794607,0.6318427449730093
sample_noise,gaussian,0.6,,,randomized_2,zero_output_sanity_floor,200,32,1.256881485817702,1.3640230525371106,1.3230216460107995,1.8916854316073963,1.9389468702682469,0,0.0,,
sample_noise,gaussian,0.6,,,randomized_3,nominal_matched_filter,200,32,0.08505050726702415,0.10652150064472066,0.07193757557988197,0.20749057843703367,0.4102153022950348,110,0.55,0.48075615138475697,0.6173593159775166
sample_noise,gaussian,0.6,,,randomized_3,zero_output_sanity_floor,200,32,0.9339752466575527,1.0652142564016696,0.8838950196057729,1.841842075748716,1.889738560286545,0,0.0,,
sample_noise,laplace,0.12,,,mixed_signs,nominal_matched_filter,200,32,0.017048403827540783,0.02144628828646336,0.014443005332665737,0.04184161338575811,0.0871828710724123,200,1.0,0.9811546736227335,1.0
sample_noise,laplace,0.12,,,mixed_signs,zero_output_sanity_floor,200,32,1.078125,1.2507810060118438,1.125,2.0,2.0,0,0.0,,
sample_noise,laplace,0.12,,,sparse_and_zeros,nominal_matched_filter,200,32,0.016822788805312704,0.021103020055747317,0.014247552212791819,0.041153666909687116,0.08822379104036944,200,1.0,0.9811546736227335,1.0
sample_noise,laplace,0.12,,,sparse_and_zeros,zero_output_sanity_floor,200,32,0.2109375,0.594571799701264,0.0,2.0,2.0,0,0.0,,
sample_noise,laplace,0.12,,,boundary_values,nominal_matched_filter,200,32,0.0170085698851136,0.021373977101200953,0.014278156346935966,0.04147042751995605,0.08772871113120344,200,1.0,0.9811546736227335,1.0
sample_noise,laplace,0.12,,,boundary_values,zero_output_sanity_floor,200,32,1.09375,1.3833158533032144,1.25,2.0,2.0,0,0.0,,
sample_noise,laplace,0.12,,,randomized_1,nominal_matched_filter,200,32,0.016929367692799787,0.021275690314197848,0.014090641417688399,0.04178286820205535,0.08652445202052439,200,1.0,0.9811546736227335,1.0
sample_noise,laplace,0.12,,,randomized_1,zero_output_sanity_floor,200,32,1.2870382042993223,1.392051307140276,1.4419483968200135,1.9132473331090898,1.9676845796584534,0,0.0,,
sample_noise,laplace,0.12,,,randomized_2,nominal_matched_filter,200,32,0.017079425240985907,0.0214391109818777,0.014427131647408331,0.04230447826154493,0.08842902981940348,200,1.0,0.9811546736227335,1.0
sample_noise,laplace,0.12,,,randomized_2,zero_output_sanity_floor,200,32,1.256881485817702,1.3640230525371106,1.3230216460107995,1.8916854316073963,1.9389468702682469,0,0.0,,
sample_noise,laplace,0.12,,,randomized_3,nominal_matched_filter,200,32,0.016972631623054225,0.02144580015597796,0.014221720774254265,0.042046618427763034,0.07928851922635116,200,1.0,0.9811546736227335,1.0
sample_noise,laplace,0.12,,,randomized_3,zero_output_sanity_floor,200,32,0.9339752466575527,1.0652142564016696,0.8838950196057729,1.841842075748716,1.889738560286545,0,0.0,,
sample_noise,laplace,0.3,,,mixed_signs,nominal_matched_filter,200,32,0.042356035959563325,0.053586462552200495,0.03516225313391186,0.10557645992317873,0.21184500001733084,200,1.0,0.9811546736227335,1.0
sample_noise,laplace,0.3,,,mixed_signs,zero_output_sanity_floor,200,32,1.078125,1.2507810060118438,1.125,2.0,2.0,0,0.0,,
sample_noise,laplace,0.3,,,sparse_and_zeros,nominal_matched_filter,200,32,0.0417521539323365,0.05241862145205397,0.03555131874475181,0.10251864497665489,0.25461088872239657,199,0.995,0.9722262956021069,0.9991168312843989
sample_noise,laplace,0.3,,,sparse_and_zeros,zero_output_sanity_floor,200,32,0.2109375,0.594571799701264,0.0,2.0,2.0,0,0.0,,
sample_noise,laplace,0.3,,,boundary_values,nominal_matched_filter,200,32,0.04278729988764123,0.0537093728091053,0.03614672021184702,0.10651077812860062,0.20304687521271714,200,1.0,0.9811546736227335,1.0
sample_noise,laplace,0.3,,,boundary_values,zero_output_sanity_floor,200,32,1.09375,1.3833158533032144,1.25,2.0,2.0,0,0.0,,
sample_noise,laplace,0.3,,,randomized_1,nominal_matched_filter,200,32,0.041782063855169777,0.0527263997780991,0.03504371937307971,0.10338894120675433,0.22588122443240033,200,1.0,0.9811546736227335,1.0
sample_noise,laplace,0.3,,,randomized_1,zero_output_sanity_floor,200,32,1.2870382042993223,1.392051307140276,1.4419483968200135,1.9132473331090898,1.9676845796584534,0,0.0,,
sample_noise,laplace,0.3,,,randomized_2,nominal_matched_filter,200,32,0.041675867480098015,0.052066967924075336,0.035761794302785754,0.10174221232067415,0.19669407003904915,200,1.0,0.9811546736227335,1.0
sample_noise,laplace,0.3,,,randomized_2,zero_output_sanity_floor,200,32,1.256881485817702,1.3640230525371106,1.3230216460107995,1.8916854316073963,1.9389468702682469,0,0.0,,
sample_noise,laplace,0.3,,,randomized_3,nominal_matched_filter,200,32,0.04276961996487291,0.05347105797228114,0.03659182560764601,0.10387138366664198,0.22622558081358735,200,1.0,0.9811546736227335,1.0
sample_noise,laplace,0.3,,,randomized_3,zero_output_sanity_floor,200,32,0.9339752466575527,1.0652142564016696,0.8838950196057729,1.841842075748716,1.889738560286545,0,0.0,,
sample_noise,laplace,0.45,,,mixed_signs,nominal_matched_filter,200,32,0.06437489428277163,0.08100064974319494,0.054642023898447856,0.15999240542935528,0.29989025515272727,178,0.89,0.839073090026985,0.926227555398747
sample_noise,laplace,0.45,,,mixed_signs,zero_output_sanity_floor,200,32,1.078125,1.2507810060118438,1.125,2.0,2.0,0,0.0,,
sample_noise,laplace,0.45,,,sparse_and_zeros,nominal_matched_filter,200,32,0.06337956257848512,0.07947619576593774,0.054295326090684756,0.15302722919145634,0.3513746842283759,183,0.915,0.8681041292843443,0.9462542498225244
sample_noise,laplace,0.45,,,sparse_and_zeros,zero_output_sanity_floor,200,32,0.2109375,0.594571799701264,0.0,2.0,2.0,0,0.0,,
sample_noise,laplace,0.45,,,boundary_values,nominal_matched_filter,200,32,0.06353092209793935,0.07971287692373949,0.05326112082217428,0.1548836405707455,0.34610458714949505,182,0.91,0.8622342812328346,0.9423125511378069
sample_noise,laplace,0.45,,,boundary_values,zero_output_sanity_floor,200,32,1.09375,1.3833158533032144,1.25,2.0,2.0,0,0.0,,
sample_noise,laplace,0.45,,,randomized_1,nominal_matched_filter,200,32,0.06336418048502418,0.07956956345715857,0.053020092420895004,0.1546845910019648,0.3128901200486738,182,0.91,0.8622342812328346,0.9423125511378069
sample_noise,laplace,0.45,,,randomized_1,zero_output_sanity_floor,200,32,1.2870382042993223,1.392051307140276,1.4419483968200135,1.9132473331090898,1.9676845796584534,0,0.0,,
sample_noise,laplace,0.45,,,randomized_2,nominal_matched_filter,200,32,0.06449380180968267,0.08118102757445808,0.05405372425355892,0.1581594453015434,0.3522873785055298,188,0.94,0.8980683070423372,0.9653478057456681
sample_noise,laplace,0.45,,,randomized_2,zero_output_sanity_floor,200,32,1.256881485817702,1.3640230525371106,1.3230216460107995,1.8916854316073963,1.9389468702682469,0,0.0,,
sample_noise,laplace,0.45,,,randomized_3,nominal_matched_filter,200,32,0.06318883401806391,0.07910683145023903,0.05316137896192186,0.15293845385219706,0.3597030131471475,183,0.915,0.8681041292843443,0.9462542498225244
sample_noise,laplace,0.45,,,randomized_3,zero_output_sanity_floor,200,32,0.9339752466575527,1.0652142564016696,0.8838950196057729,1.841842075748716,1.889738560286545,0,0.0,,
carrier_phase_mismatch,none,,0.0,0.0,mixed_signs,nominal_matched_filter,1,32,7.025630077706069e-17,1.3985787785349405e-16,6.938893903907228e-18,3.2196467714129524e-16,4.440892098500626e-16,1,1.0,,
carrier_phase_mismatch,none,,0.0,0.0,mixed_signs,zero_output_sanity_floor,1,32,1.078125,1.2507810060118438,1.125,2.0,2.0,0,0.0,,
carrier_phase_mismatch,none,,0.0,0.0,sparse_and_zeros,nominal_matched_filter,1,32,2.6020852139652106e-17,9.047210765559601e-17,0.0,1.6098233857064762e-16,4.440892098500626e-16,1,1.0,,
carrier_phase_mismatch,none,,0.0,0.0,sparse_and_zeros,zero_output_sanity_floor,1,32,0.2109375,0.594571799701264,0.0,1.7249999999999996,2.0,0,0.0,,
carrier_phase_mismatch,none,,0.0,0.0,boundary_values,nominal_matched_filter,1,32,1.0930113151369492e-16,1.8683544412331008e-16,1.3986208025063007e-17,4.440892098500626e-16,4.440892098500626e-16,1,1.0,,
carrier_phase_mismatch,none,,0.0,0.0,boundary_values,zero_output_sanity_floor,1,32,1.09375,1.3833158533032144,1.25,2.0,2.0,0,0.0,,
carrier_phase_mismatch,none,,0.0,0.0,randomized_1,nominal_matched_filter,1,32,6.418476861114186e-17,1.1485913163110961e-16,0.0,2.220446049250313e-16,2.220446049250313e-16,1,1.0,,
carrier_phase_mismatch,none,,0.0,0.0,randomized_1,zero_output_sanity_floor,1,32,1.2870382042993223,1.392051307140276,1.4419483968200135,1.9082322350777998,1.9676845796584534,0,0.0,,
carrier_phase_mismatch,none,,0.0,0.0,randomized_2,nominal_matched_filter,1,32,3.5778671692021646e-17,8.791642926451708e-17,0.0,2.220446049250313e-16,2.220446049250313e-16,1,1.0,,
carrier_phase_mismatch,none,,0.0,0.0,randomized_2,zero_output_sanity_floor,1,32,1.256881485817702,1.3640230525371104,1.3230216460107995,1.889221335733644,1.9389468702682469,0,0.0,,
carrier_phase_mismatch,none,,0.0,0.0,randomized_3,nominal_matched_filter,1,32,3.3393426912553537e-17,7.6681841797503e-17,0.0,2.220446049250313e-16,2.220446049250313e-16,1,1.0,,
carrier_phase_mismatch,none,,0.0,0.0,randomized_3,zero_output_sanity_floor,1,32,0.9339752466575526,1.0652142564016696,0.8838950196057729,1.830768739810754,1.889738560286545,0,0.0,,
carrier_phase_mismatch,none,,0.2617993877991494,14.999999999999998,mixed_signs,nominal_matched_filter,1,32,0.03673621853209809,0.0426193292731813,0.03833344542479816,0.06814834742186313,0.06814834742186338,1,1.0,,
carrier_phase_mismatch,none,,0.2617993877991494,14.999999999999998,mixed_signs,zero_output_sanity_floor,1,32,1.078125,1.2507810060118438,1.125,2.0,2.0,0,0.0,,
carrier_phase_mismatch,none,,0.2617993877991494,14.999999999999998,sparse_and_zeros,nominal_matched_filter,1,32,0.007187521017149622,0.020259542786642066,0.0,0.05877794965135667,0.06814834742186338,1,1.0,,
carrier_phase_mismatch,none,,0.2617993877991494,14.999999999999998,sparse_and_zeros,zero_output_sanity_floor,1,32,0.2109375,0.594571799701264,0.0,1.7249999999999996,2.0,0,0.0,,
carrier_phase_mismatch,none,,0.2617993877991494,14.999999999999998,boundary_values,nominal_matched_filter,1,32,0.03726862749633136,0.04713534468253921,0.04259271713866436,0.06814834742186338,0.06814834742186338,1,1.0,,
carrier_phase_mismatch,none,,0.2617993877991494,14.999999999999998,boundary_values,zero_output_sanity_floor,1,32,1.09375,1.3833158533032144,1.25,2.0,2.0,0,0.0,,
carrier_phase_mismatch,none,,0.2617993877991494,14.999999999999998,randomized_1,nominal_matched_filter,1,32,0.04385476334590062,0.0474329980540272,0.04913320015544442,0.06502143665884035,0.06704722617560344,1,1.0,,
carrier_phase_mismatch,none,,0.2617993877991494,14.999999999999998,randomized_1,zero_output_sanity_floor,1,32,1.2870382042993223,1.392051307140276,1.4419483968200135,1.9082322350777998,1.9676845796584534,0,0.0,,
carrier_phase_mismatch,none,,0.2617993877991494,14.999999999999998,randomized_2,nominal_matched_filter,1,32,0.0428271980818062,0.046477958437864696,0.04508086938949463,0.06437365597218644,0.0660680124737878,1,1.0,,
carrier_phase_mismatch,none,,0.2617993877991494,14.999999999999998,randomized_2,zero_output_sanity_floor,1,32,1.256881485817702,1.3640230525371104,1.3230216460107995,1.889221335733644,1.9389468702682469,0,0.0,,
carrier_phase_mismatch,none,,0.2617993877991494,14.999999999999998,randomized_3,nominal_matched_filter,1,32,0.03182443479631961,0.03629629561199129,0.0301179924402743,0.06238193206485511,0.06439127997144922,1,1.0,,
carrier_phase_mismatch,none,,0.2617993877991494,14.999999999999998,randomized_3,zero_output_sanity_floor,1,32,0.9339752466575526,1.0652142564016696,0.8838950196057729,1.830768739810754,1.889738560286545,0,0.0,,
carrier_phase_mismatch,none,,0.5235987755982988,29.999999999999996,mixed_signs,nominal_matched_filter,1,32,0.14444136154490195,0.16757288023453026,0.15072142074250638,0.2679491924311226,0.2679491924311228,0,0.0,,
carrier_phase_mismatch,none,,0.5235987755982988,29.999999999999996,mixed_signs,zero_output_sanity_floor,1,32,1.078125,1.2507810060118438,1.125,2.0,2.0,0,0.0,,
carrier_phase_mismatch,none,,0.5235987755982988,29.999999999999996,sparse_and_zeros,nominal_matched_filter,1,32,0.028260266389219958,0.07965751678613642,0.0,0.231106178471843,0.2679491924311228,0,0.0,,
carrier_phase_mismatch,none,,0.5235987755982988,29.999999999999996,sparse_and_zeros,zero_output_sanity_floor,1,32,0.2109375,0.594571799701264,0.0,1.7249999999999996,2.0,0,0.0,,
carrier_phase_mismatch,none,,0.5235987755982988,29.999999999999996,boundary_values,nominal_matched_filter,1,32,0.14653471461077017,0.18532918288488276,0.1674682452694516,0.2679491924311228,0.2679491924311228,0,0.0,,
carrier_phase_mismatch,none,,0.5235987755982988,29.999999999999996,boundary_values,zero_output_sanity_floor,1,32,1.09375,1.3833158533032144,1.25,2.0,2.0,0,0.0,,
carrier_phase_mismatch,none,,0.5235987755982988,29.999999999999996,randomized_1,nominal_matched_filter,1,32,0.1724304237350027,0.18649951178546267,0.19318445422763708,0.2556546431800662,0.263619747039328,0,0.0,,
carrier_phase_mismatch,none,,0.5235987755982988,29.999999999999996,randomized_1,zero_output_sanity_floor,1,32,1.2870382042993223,1.392051307140276,1.4419483968200135,1.9082322350777998,1.9676845796584534,0,0.0,,
carrier_phase_mismatch,none,,0.5235987755982988,29.999999999999996,randomized_2,nominal_matched_filter,1,32,0.16839018955324125,0.1827444376923766,0.17725129080874402,0.25310766561673814,0.25976962402761483,0,0.0,,
carrier_phase_mismatch,none,,0.5235987755982988,29.999999999999996,randomized_2,zero_output_sanity_floor,1,32,1.256881485817702,1.3640230525371104,1.3230216460107995,1.889221335733644,1.9389468702682469,0,0.0,,
carrier_phase_mismatch,none,,0.5235987755982988,29.999999999999996,randomized_3,nominal_matched_filter,1,32,0.12512895654627476,0.14271164988447296,0.11841947834862887,0.24527650268021778,0.2531769605673657,0,0.0,,
carrier_phase_mismatch,none,,0.5235987755982988,29.999999999999996,randomized_3,zero_output_sanity_floor,1,32,0.9339752466575526,1.0652142564016696,0.8838950196057729,1.830768739810754,1.889738560286545,0,0.0,,
carrier_phase_mismatch,none,,0.7853981633974483,45.0,mixed_signs,nominal_matched_filter,1,32,0.31577550153325334,0.36634527488153706,0.329504871165134,0.5857864376269049,0.5857864376269051,0,0.0,,
carrier_phase_mismatch,none,,0.7853981633974483,45.0,mixed_signs,zero_output_sanity_floor,1,32,1.078125,1.2507810060118438,1.125,2.0,2.0,0,0.0,,
carrier_phase_mismatch,none,,0.7853981633974483,45.0,sparse_and_zeros,nominal_matched_filter,1,32,0.061782163343462614,0.17414604823021052,0.0,0.5052408024532051,0.5857864376269051,0,0.0,,
carrier_phase_mismatch,none,,0.7853981633974483,45.0,sparse_and_zeros,zero_output_sanity_floor,1,32,0.2109375,0.594571799701264,0.0,1.7249999999999996,2.0,0,0.0,,
carrier_phase_mismatch,none,,0.7853981633974483,45.0,boundary_values,nominal_matched_filter,1,32,0.3203519580772136,0.4051638329096561,0.36611652351681545,0.5857864376269051,0.5857864376269051,0,0.0,,
carrier_phase_mismatch,none,,0.7853981633974483,45.0,boundary_values,zero_output_sanity_floor,1,32,1.09375,1.3833158533032144,1.25,2.0,2.0,0,0.0,,
carrier_phase_mismatch,none,,0.7853981633974483,45.0,randomized_1,nominal_matched_filter,1,32,0.37696476239311427,0.40772238810178935,0.4223369073075111,0.5589082815755252,0.5763214701457593,0,0.0,,
carrier_phase_mismatch,none,,0.7853981633974483,45.0,randomized_1,zero_output_sanity_floor,1,32,1.2870382042993223,1.392051307140276,1.4419483968200135,1.9082322350777998,1.9676845796584534,0,0.0,,
carrier_phase_mismatch,none,,0.7853981633974483,45.0,randomized_2,nominal_matched_filter,1,32,0.3681320640481814,0.3995131023933452,0.38750406845997504,0.553340118074077,0.5679043899411362,0,0.0,,
carrier_phase_mismatch,none,,0.7853981633974483,45.0,randomized_2,zero_output_sanity_floor,1,32,1.256881485817702,1.3640230525371104,1.3230216460107995,1.889221335733644,1.9389468702682469,0,0.0,,
carrier_phase_mismatch,none,,0.7853981633974483,45.0,randomized_3,nominal_matched_filter,1,32,0.27355501628561874,0.3119940322834632,0.25888685738551437,0.5362197491062198,0.5534916096382254,0,0.0,,
carrier_phase_mismatch,none,,0.7853981633974483,45.0,randomized_3,zero_output_sanity_floor,1,32,0.9339752466575526,1.0652142564016696,0.8838950196057729,1.830768739810754,1.889738560286545,0,0.0,,
carrier_phase_mismatch,none,,1.0471975511965976,59.99999999999999,mixed_signs,nominal_matched_filter,1,32,0.5390624999999998,0.6253905030059216,0.5624999999999998,0.9999999999999996,0.9999999999999998,0,0.0,,
carrier_phase_mismatch,none,,1.0471975511965976,59.99999999999999,mixed_signs,zero_output_sanity_floor,1,32,1.078125,1.2507810060118438,1.125,2.0,2.0,0,0.0,,
carrier_phase_mismatch,none,,1.0471975511965976,59.99999999999999,sparse_and_zeros,nominal_matched_filter,1,32,0.10546874999999994,0.29728589985063186,0.0,0.8624999999999994,0.9999999999999998,0,0.0,,
carrier_phase_mismatch,none,,1.0471975511965976,59.99999999999999,sparse_and_zeros,zero_output_sanity_floor,1,32,0.2109375,0.594571799701264,0.0,1.7249999999999996,2.0,0,0.0,,
carrier_phase_mismatch,none,,1.0471975511965976,59.99999999999999,boundary_values,nominal_matched_filter,1,32,0.5468749999999998,0.691657926651607,0.6249999999999998,0.9999999999999998,0.9999999999999998,0,0.0,,
carrier_phase_mismatch,none,,1.0471975511965976,59.99999999999999,boundary_values,zero_output_sanity_floor,1,32,1.09375,1.3833158533032144,1.25,2.0,2.0,0,0.0,,
carrier_phase_mismatch,none,,1.0471975511965976,59.99999999999999,randomized_1,nominal_matched_filter,1,32,0.6435191021496609,0.6960256535701379,0.7209741984100067,0.9541161175388995,0.9838422898292263,0,0.0,,
carrier_phase_mismatch,none,,1.0471975511965976,59.99999999999999,randomized_1,zero_output_sanity_floor,1,32,1.2870382042993223,1.392051307140276,1.4419483968200135,1.9082322350777998,1.9676845796584534,0,0.0,,
carrier_phase_mismatch,none,,1.0471975511965976,59.99999999999999,randomized_2,nominal_matched_filter,1,32,0.6284407429088508,0.6820115262685551,0.6615108230053997,0.9446106678668218,0.9694734351341233,0,0.0,,
carrier_phase_mismatch,none,,1.0471975511965976,59.99999999999999,randomized_2,zero_output_sanity_floor,1,32,1.256881485817702,1.3640230525371104,1.3230216460107995,1.889221335733644,1.9389468702682469,0,0.0,,
carrier_phase_mismatch,none,,1.0471975511965976,59.99999999999999,randomized_3,nominal_matched_filter,1,32,0.46698762332877614,0.5326071282008346,0.4419475098028862,0.9153843699053767,0.9448692801432722,0,0.0,,
carrier_phase_mismatch,none,,1.0471975511965976,59.99999999999999,randomized_3,zero_output_sanity_floor,1,32,0.9339752466575526,1.0652142564016696,0.8838950196057729,1.830768739810754,1.889738560286545,0,0.0,,
sample_noise,gaussian,0.0,,,ALL_PATTERNS_EQUAL_WEIGHT,nominal_matched_filter,1200,32,2.7538735181131813e-17,7.902041503034511e-17,0.0,2.220446049250313e-16,4.440892098500626e-16,1200,1.0,,
sample_noise,gaussian,0.0,,,ALL_PATTERNS_EQUAL_WEIGHT,zero_output_sanity_floor,1200,32,0.9767845727957628,1.2086203320042908,1.0,2.0,2.0,0,0.0,,
sample_noise,gaussian,0.03,,,ALL_PATTERNS_EQUAL_WEIGHT,nominal_matched_filter,1200,32,0.004214759790444749,0.00528582169832324,0.003570035940781646,0.010319215468078857,0.022213198909188492,1200,1.0,0.9968089993972651,1.0
sample_noise,gaussian,0.03,,,ALL_PATTERNS_EQUAL_WEIGHT,zero_output_sanity_floor,1200,32,0.9767845727957628,1.2086203320042908,1.0,2.0,2.0,0,0.0,,
sample_noise,gaussian,0.06,,,ALL_PATTERNS_EQUAL_WEIGHT,nominal_matched_filter,1200,32,0.008471914281644033,0.010618054219914496,0.007165733932050935,0.020834388526474797,0.04346182201928328,1200,1.0,0.9968089993972651,1.0
sample_noise,gaussian,0.06,,,ALL_PATTERNS_EQUAL_WEIGHT,zero_output_sanity_floor,1200,32,0.9767845727957628,1.2086203320042908,1.0,2.0,2.0,0,0.0,,
sample_noise,gaussian,0.12,,,ALL_PATTERNS_EQUAL_WEIGHT,nominal_matched_filter,1200,32,0.01677498354935779,0.021080708301322193,0.014070246639993289,0.04137893507461418,0.10302858095918443,1200,1.0,0.9968089993972651,1.0
sample_noise,gaussian,0.12,,,ALL_PATTERNS_EQUAL_WEIGHT,zero_output_sanity_floor,1200,32,0.9767845727957628,1.2086203320042908,1.0,2.0,2.0,0,0.0,,
sample_noise,gaussian,0.2,,,ALL_PATTERNS_EQUAL_WEIGHT,nominal_matched_filter,1200,32,0.028344351144248024,0.03550002932359958,0.023983686948239658,0.0693881523396662,0.15074244032025286,1200,1.0,0.9968089993972651,1.0
sample_noise,gaussian,0.2,,,ALL_PATTERNS_EQUAL_WEIGHT,zero_output_sanity_floor,1200,32,0.9767845727957628,1.2086203320042908,1.0,2.0,2.0,0,0.0,,
sample_noise,gaussian,0.3,,,ALL_PATTERNS_EQUAL_WEIGHT,nominal_matched_filter,1200,32,0.042400086555090526,0.05304805181930623,0.0358615850549561,0.10357607335222016,0.26165264816124845,1199,0.9991666666666666,0.9952947700098665,0.9998528810550694
sample_noise,gaussian,0.3,,,ALL_PATTERNS_EQUAL_WEIGHT,zero_output_sanity_floor,1200,32,0.9767845727957628,1.2086203320042908,1.0,2.0,2.0,0,0.0,,
sample_noise,gaussian,0.4,,,ALL_PATTERNS_EQUAL_WEIGHT,nominal_matched_filter,1200,32,0.05603894576618233,0.07020477025387384,0.04717465345616256,0.13748085672322077,0.3004111249470858,1186,0.9883333333333333,0.9805122967086947,0.9930378260359675
sample_noise,gaussian,0.4,,,ALL_PATTERNS_EQUAL_WEIGHT,zero_output_sanity_floor,1200,32,0.9767845727957628,1.2086203320042908,1.0,2.0,2.0,0,0.0,,
sample_noise,gaussian,0.45,,,ALL_PATTERNS_EQUAL_WEIGHT,nominal_matched_filter,1200,32,0.06350478918931662,0.0795188986746611,0.053481496014578044,0.1561758605143829,0.39254469468534436,1142,0.9516666666666667,0.9380248071316127,0.9624259889905834
sample_noise,gaussian,0.45,,,ALL_PATTERNS_EQUAL_WEIGHT,zero_output_sanity_floor,1200,32,0.9767845727957628,1.2086203320042908,1.0,2.0,2.0,0,0.0,,
sample_noise,gaussian,0.5,,,ALL_PATTERNS_EQUAL_WEIGHT,nominal_matched_filter,1200,32,0.07075569437755828,0.08866732274885997,0.05998316251928664,0.17288163694162512,0.3849138184591099,1020,0.85,0.8286816663969149,0.8690846331811707
sample_noise,gaussian,0.5,,,ALL_PATTERNS_EQUAL_WEIGHT,zero_output_sanity_floor,1200,32,0.9767845727957628,1.2086203320042908,1.0,2.0,2.0,0,0.0,,
sample_noise,gaussian,0.6,,,ALL_PATTERNS_EQUAL_WEIGHT,nominal_matched_filter,1200,32,0.08453731016164898,0.10596168909134134,0.07145001447149674,0.207579880029262,0.45472559068270146,665,0.5541666666666667,0.5259150469319818,0.5820725946693888
sample_noise,gaussian,0.6,,,ALL_PATTERNS_EQUAL_WEIGHT,zero_output_sanity_floor,1200,32,0.9767845727957628,1.2086203320042908,1.0,2.0,2.0,0,0.0,,
sample_noise,laplace,0.12,,,ALL_PATTERNS_EQUAL_WEIGHT,nominal_matched_filter,1200,32,0.016976864512467833,0.021347679250256914,0.014281300649285067,0.04171201100683543,0.08842902981940348,1200,1.0,0.9968089993972651,1.0
sample_noise,laplace,0.12,,,ALL_PATTERNS_EQUAL_WEIGHT,zero_output_sanity_floor,1200,32,0.9767845727957628,1.2086203320042908,1.0,2.0,2.0,0,0.0,,
sample_noise,laplace,0.3,,,ALL_PATTERNS_EQUAL_WEIGHT,nominal_matched_filter,1200,32,0.04218717351328029,0.05300017923614544,0.035686193658558615,0.10385087615148311,0.25461088872239657,1199,0.9991666666666666,0.9952947700098665,0.9998528810550694
sample_noise,laplace,0.3,,,ALL_PATTERNS_EQUAL_WEIGHT,zero_output_sanity_floor,1200,32,0.9767845727957628,1.2086203320042908,1.0,2.0,2.0,0,0.0,,
sample_noise,laplace,0.45,,,ALL_PATTERNS_EQUAL_WEIGHT,nominal_matched_filter,1200,32,0.06372203254532781,0.08001174825050056,0.05376716680012139,0.15552630616389498,0.3597030131471475,1096,0.9133333333333333,0.8960668146132054,0.927961958221867
sample_noise,laplace,0.45,,,ALL_PATTERNS_EQUAL_WEIGHT,zero_output_sanity_floor,1200,32,0.9767845727957628,1.2086203320042908,1.0,2.0,2.0,0,0.0,,
carrier_phase_mismatch,none,,0.0,0.0,ALL_PATTERNS_EQUAL_WEIGHT,nominal_matched_filter,6,32,5.64891919410208e-17,1.221030541231571e-16,0.0,2.220446049250313e-16,4.440892098500626e-16,6,1.0,,
carrier_phase_mismatch,none,,0.0,0.0,ALL_PATTERNS_EQUAL_WEIGHT,zero_output_sanity_floor,6,32,0.9767845727957628,1.2086203320042908,1.0,2.0,2.0,0,0.0,,
carrier_phase_mismatch,none,,0.2617993877991494,14.999999999999998,ALL_PATTERNS_EQUAL_WEIGHT,nominal_matched_filter,6,32,0.03328312721160091,0.041182739143278,0.03407417371093169,0.06814834742186293,0.06814834742186338,6,1.0,,
carrier_phase_mismatch,none,,0.2617993877991494,14.999999999999998,ALL_PATTERNS_EQUAL_WEIGHT,zero_output_sanity_floor,6,32,0.9767845727957628,1.2086203320042908,1.0,2.0,2.0,0,0.0,,
carrier_phase_mismatch,none,,0.5235987755982988,29.999999999999996,ALL_PATTERNS_EQUAL_WEIGHT,nominal_matched_filter,6,32,0.13086431872990179,0.1619244209581924,0.1339745962155614,0.26794919243112236,0.2679491924311228,0,0.0,,
carrier_phase_mismatch,none,,0.5235987755982988,29.999999999999996,ALL_PATTERNS_EQUAL_WEIGHT,zero_output_sanity_floor,6,32,0.9767845727957628,1.2086203320042908,1.0,2.0,2.0,0,0.0,,
carrier_phase_mismatch,none,,0.7853981633974483,45.0,ALL_PATTERNS_EQUAL_WEIGHT,nominal_matched_filter,6,32,0.2860935776134739,0.3539966993641202,0.29289321881345254,0.5857864376269046,0.5857864376269051,0,0.0,,
carrier_phase_mismatch,none,,0.7853981633974483,45.0,ALL_PATTERNS_EQUAL_WEIGHT,zero_output_sanity_floor,6,32,0.9767845727957628,1.2086203320042908,1.0,2.0,2.0,0,0.0,,
carrier_phase_mismatch,none,,1.0471975511965976,59.99999999999999,ALL_PATTERNS_EQUAL_WEIGHT,nominal_matched_filter,6,32,0.4883922863978812,0.6043101660021452,0.4999999999999999,0.9999999999999993,0.9999999999999998,0,0.0,,
carrier_phase_mismatch,none,,1.0471975511965976,59.99999999999999,ALL_PATTERNS_EQUAL_WEIGHT,zero_output_sanity_floor,6,32,0.9767845727957628,1.2086203320042908,1.0,2.0,2.0,0,0.0,,
