panel,vector_set,offset_samples,noise_std,pass_rule,method_a,method_b,frames,a_passing,b_passing,both_pass,both_fail,a_pass_b_fail,a_fail_b_pass,mcnemar_exact_two_sided_p,evidence_label
integer_offsets,fixed_six_v2_vectors,-8.0,0.45,abs_error_le_0.25,blind_matched_filter_energy_search,oracle_exact_timing,12000,11405,11405,11405,595,0,0,1.0,SYNTHETIC
integer_offsets,fixed_six_v2_vectors,-8.0,0.45,abs_error_le_0.25,blind_matched_filter_energy_search,existing_nominal_decoder,12000,11405,0,0,595,11405,0,0.0,SYNTHETIC
integer_offsets,fixed_six_v2_vectors,-8.0,0.45,abs_error_le_0.25,blind_raw_frame_energy_search,oracle_exact_timing,12000,5388,11405,5372,579,16,6033,0.0,SYNTHETIC
integer_offsets,fixed_six_v2_vectors,-8.0,0.45,abs_error_le_0.25,blind_raw_frame_energy_search,blind_matched_filter_energy_search,12000,5388,11405,5372,579,16,6033,0.0,SYNTHETIC
integer_offsets,fixed_six_v2_vectors,-4.0,0.45,abs_error_le_0.25,blind_matched_filter_energy_search,oracle_exact_timing,12000,11386,11386,11386,614,0,0,1.0,SYNTHETIC
integer_offsets,fixed_six_v2_vectors,-4.0,0.45,abs_error_le_0.25,blind_matched_filter_energy_search,existing_nominal_decoder,12000,11386,0,0,614,11386,0,0.0,SYNTHETIC
integer_offsets,fixed_six_v2_vectors,-4.0,0.45,abs_error_le_0.25,blind_raw_frame_energy_search,oracle_exact_timing,12000,5221,11386,5208,601,13,6178,0.0,SYNTHETIC
integer_offsets,fixed_six_v2_vectors,-4.0,0.45,abs_error_le_0.25,blind_raw_frame_energy_search,blind_matched_filter_energy_search,12000,5221,11386,5208,601,13,6178,0.0,SYNTHETIC
integer_offsets,fixed_six_v2_vectors,-2.0,0.45,abs_error_le_0.25,blind_matched_filter_energy_search,oracle_exact_timing,12000,11376,11376,11376,624,0,0,1.0,SYNTHETIC
integer_offsets,fixed_six_v2_vectors,-2.0,0.45,abs_error_le_0.25,blind_matched_filter_energy_search,existing_nominal_decoder,12000,11376,0,0,624,11376,0,0.0,SYNTHETIC
integer_offsets,fixed_six_v2_vectors,-2.0,0.45,abs_error_le_0.25,blind_raw_frame_energy_search,oracle_exact_timing,12000,5274,11376,5265,615,9,6111,0.0,SYNTHETIC
integer_offsets,fixed_six_v2_vectors,-2.0,0.45,abs_error_le_0.25,blind_raw_frame_energy_search,blind_matched_filter_energy_search,12000,5274,11376,5265,615,9,6111,0.0,SYNTHETIC
integer_offsets,fixed_six_v2_vectors,-1.0,0.45,abs_error_le_0.25,blind_matched_filter_energy_search,oracle_exact_timing,12000,11367,11367,11367,633,0,0,1.0,SYNTHETIC
integer_offsets,fixed_six_v2_vectors,-1.0,0.45,abs_error_le_0.25,blind_matched_filter_energy_search,existing_nominal_decoder,12000,11367,3167,3081,547,8286,86,0.0,SYNTHETIC
integer_offsets,fixed_six_v2_vectors,-1.0,0.45,abs_error_le_0.25,blind_raw_frame_energy_search,oracle_exact_timing,12000,5209,11367,5197,621,12,6170,0.0,SYNTHETIC
integer_offsets,fixed_six_v2_vectors,-1.0,0.45,abs_error_le_0.25,blind_raw_frame_energy_search,blind_matched_filter_energy_search,12000,5209,11367,5197,621,12,6170,0.0,SYNTHETIC
integer_offsets,fixed_six_v2_vectors,0.0,0.45,abs_error_le_0.25,blind_matched_filter_energy_search,oracle_exact_timing,12000,11370,11370,11370,630,0,0,1.0,SYNTHETIC
integer_offsets,fixed_six_v2_vectors,0.0,0.45,abs_error_le_0.25,blind_matched_filter_energy_search,existing_nominal_decoder,12000,11370,11370,11370,630,0,0,1.0,SYNTHETIC
integer_offsets,fixed_six_v2_vectors,0.0,0.45,abs_error_le_0.25,blind_raw_frame_energy_search,oracle_exact_timing,12000,5132,11370,5120,618,12,6250,0.0,SYNTHETIC
integer_offsets,fixed_six_v2_vectors,0.0,0.45,abs_error_le_0.25,blind_raw_frame_energy_search,blind_matched_filter_energy_search,12000,5132,11370,5120,618,12,6250,0.0,SYNTHETIC
integer_offsets,fixed_six_v2_vectors,1.0,0.45,abs_error_le_0.25,blind_matched_filter_energy_search,oracle_exact_timing,12000,11407,11407,11407,593,0,0,1.0,SYNTHETIC
integer_offsets,fixed_six_v2_vectors,1.0,0.45,abs_error_le_0.25,blind_matched_filter_energy_search,existing_nominal_decoder,12000,11407,3269,3178,502,8229,91,0.0,SYNTHETIC
integer_offsets,fixed_six_v2_vectors,1.0,0.45,abs_error_le_0.25,blind_raw_frame_energy_search,oracle_exact_timing,12000,5227,11407,5215,581,12,6192,0.0,SYNTHETIC
integer_offsets,fixed_six_v2_vectors,1.0,0.45,abs_error_le_0.25,blind_raw_frame_energy_search,blind_matched_filter_energy_search,12000,5227,11407,5215,581,12,6192,0.0,SYNTHETIC
integer_offsets,fixed_six_v2_vectors,2.0,0.45,abs_error_le_0.25,blind_matched_filter_energy_search,oracle_exact_timing,12000,11382,11382,11382,618,0,0,1.0,SYNTHETIC
integer_offsets,fixed_six_v2_vectors,2.0,0.45,abs_error_le_0.25,blind_matched_filter_energy_search,existing_nominal_decoder,12000,11382,0,0,618,11382,0,0.0,SYNTHETIC
integer_offsets,fixed_six_v2_vectors,2.0,0.45,abs_error_le_0.25,blind_raw_frame_energy_search,oracle_exact_timing,12000,5242,11382,5225,601,17,6157,0.0,SYNTHETIC
integer_offsets,fixed_six_v2_vectors,2.0,0.45,abs_error_le_0.25,blind_raw_frame_energy_search,blind_matched_filter_energy_search,12000,5242,11382,5225,601,17,6157,0.0,SYNTHETIC
integer_offsets,fixed_six_v2_vectors,4.0,0.45,abs_error_le_0.25,blind_matched_filter_energy_search,oracle_exact_timing,12000,11373,11373,11373,627,0,0,1.0,SYNTHETIC
integer_offsets,fixed_six_v2_vectors,4.0,0.45,abs_error_le_0.25,blind_matched_filter_energy_search,existing_nominal_decoder,12000,11373,0,0,627,11373,0,0.0,SYNTHETIC
integer_offsets,fixed_six_v2_vectors,4.0,0.45,abs_error_le_0.25,blind_raw_frame_energy_search,oracle_exact_timing,12000,5278,11373,5268,617,10,6105,0.0,SYNTHETIC
integer_offsets,fixed_six_v2_vectors,4.0,0.45,abs_error_le_0.25,blind_raw_frame_energy_search,blind_matched_filter_energy_search,12000,5278,11373,5268,617,10,6105,0.0,SYNTHETIC
integer_offsets,fixed_six_v2_vectors,8.0,0.45,abs_error_le_0.25,blind_matched_filter_energy_search,oracle_exact_timing,12000,11352,11352,11352,648,0,0,1.0,SYNTHETIC
integer_offsets,fixed_six_v2_vectors,8.0,0.45,abs_error_le_0.25,blind_matched_filter_energy_search,existing_nominal_decoder,12000,11352,0,0,648,11352,0,0.0,SYNTHETIC
integer_offsets,fixed_six_v2_vectors,8.0,0.45,abs_error_le_0.25,blind_raw_frame_energy_search,oracle_exact_timing,12000,5221,11352,5212,639,9,6140,0.0,SYNTHETIC
integer_offsets,fixed_six_v2_vectors,8.0,0.45,abs_error_le_0.25,blind_raw_frame_energy_search,blind_matched_filter_energy_search,12000,5221,11352,5212,639,9,6140,0.0,SYNTHETIC
fractional_offsets,fixed_six_v2_vectors,0.0,0.45,abs_error_le_0.25,blind_matched_filter_energy_search,oracle_best_integer_timing,12000,11357,11357,11357,643,0,0,1.0,SYNTHETIC
fractional_offsets,fixed_six_v2_vectors,0.0,0.45,abs_error_le_0.25,blind_matched_filter_energy_search,existing_nominal_decoder,12000,11357,11357,11357,643,0,0,1.0,SYNTHETIC
fractional_offsets,fixed_six_v2_vectors,0.25,0.45,abs_error_le_0.25,blind_matched_filter_energy_search,oracle_best_integer_timing,12000,11352,11352,11352,648,0,0,1.0,SYNTHETIC
fractional_offsets,fixed_six_v2_vectors,0.25,0.45,abs_error_le_0.25,blind_matched_filter_energy_search,existing_nominal_decoder,12000,11352,11352,11352,648,0,0,1.0,SYNTHETIC
fractional_offsets,fixed_six_v2_vectors,0.5,0.45,abs_error_le_0.25,blind_matched_filter_energy_search,oracle_best_integer_timing,12000,11089,11093,11069,887,20,24,0.651587827208914,SYNTHETIC
fractional_offsets,fixed_six_v2_vectors,0.5,0.45,abs_error_le_0.25,blind_matched_filter_energy_search,existing_nominal_decoder,12000,11089,11093,11069,887,20,24,0.651587827208914,SYNTHETIC
fractional_offsets,fixed_six_v2_vectors,0.75,0.45,abs_error_le_0.25,blind_matched_filter_energy_search,oracle_best_integer_timing,12000,10982,10982,10982,1018,0,0,1.0,SYNTHETIC
fractional_offsets,fixed_six_v2_vectors,0.75,0.45,abs_error_le_0.25,blind_matched_filter_energy_search,existing_nominal_decoder,12000,10982,9458,9181,741,1801,277,3.6649932848100833e-273,SYNTHETIC
fractional_offsets,fixed_six_v2_vectors,1.0,0.45,abs_error_le_0.25,blind_matched_filter_energy_search,oracle_best_integer_timing,12000,11409,11409,11409,591,0,0,1.0,SYNTHETIC
fractional_offsets,fixed_six_v2_vectors,1.0,0.45,abs_error_le_0.25,blind_matched_filter_energy_search,existing_nominal_decoder,12000,11409,3329,3246,508,8163,83,0.0,SYNTHETIC
fractional_offsets,fixed_six_v2_vectors,1.5,0.45,abs_error_le_0.25,blind_matched_filter_energy_search,oracle_best_integer_timing,12000,11066,11077,11052,909,14,25,0.10812902140605729,SYNTHETIC
fractional_offsets,fixed_six_v2_vectors,1.5,0.45,abs_error_le_0.25,blind_matched_filter_energy_search,existing_nominal_decoder,12000,11066,3,3,934,11063,0,0.0,SYNTHETIC
fractional_offsets,fixed_six_v2_vectors,2.0,0.45,abs_error_le_0.25,blind_matched_filter_energy_search,oracle_best_integer_timing,12000,11364,11364,11364,636,0,0,1.0,SYNTHETIC
fractional_offsets,fixed_six_v2_vectors,2.0,0.45,abs_error_le_0.25,blind_matched_filter_energy_search,existing_nominal_decoder,12000,11364,0,0,636,11364,0,0.0,SYNTHETIC
fractional_offsets,fixed_six_v2_vectors,3.0,0.45,abs_error_le_0.25,blind_matched_filter_energy_search,oracle_best_integer_timing,12000,11344,11344,11344,656,0,0,1.0,SYNTHETIC
fractional_offsets,fixed_six_v2_vectors,3.0,0.45,abs_error_le_0.25,blind_matched_filter_energy_search,existing_nominal_decoder,12000,11344,0,0,656,11344,0,0.0,SYNTHETIC
fractional_offsets,fixed_six_v2_vectors,4.0,0.45,abs_error_le_0.25,blind_matched_filter_energy_search,oracle_best_integer_timing,12000,11398,11398,11398,602,0,0,1.0,SYNTHETIC
fractional_offsets,fixed_six_v2_vectors,4.0,0.45,abs_error_le_0.25,blind_matched_filter_energy_search,existing_nominal_decoder,12000,11398,0,0,602,11398,0,0.0,SYNTHETIC
fractional_offsets,fixed_six_v2_vectors,8.0,0.45,abs_error_le_0.25,blind_matched_filter_energy_search,oracle_best_integer_timing,12000,11403,11403,11403,597,0,0,1.0,SYNTHETIC
fractional_offsets,fixed_six_v2_vectors,8.0,0.45,abs_error_le_0.25,blind_matched_filter_energy_search,existing_nominal_decoder,12000,11403,0,0,597,11403,0,0.0,SYNTHETIC
random_vectors,random_uniform_-2_2,-8.0,0.45,abs_error_le_0.25,blind_matched_filter_energy_search,oracle_exact_timing,12000,11407,11407,11407,593,0,0,1.0,SYNTHETIC
random_vectors,random_uniform_-2_2,-8.0,0.45,abs_error_le_0.25,blind_matched_filter_energy_search,existing_nominal_decoder,12000,11407,0,0,593,11407,0,0.0,SYNTHETIC
random_vectors,random_uniform_-2_2,-4.0,0.45,abs_error_le_0.25,blind_matched_filter_energy_search,oracle_exact_timing,12000,11387,11387,11387,613,0,0,1.0,SYNTHETIC
random_vectors,random_uniform_-2_2,-4.0,0.45,abs_error_le_0.25,blind_matched_filter_energy_search,existing_nominal_decoder,12000,11387,0,0,613,11387,0,0.0,SYNTHETIC
random_vectors,random_uniform_-2_2,-2.0,0.45,abs_error_le_0.25,blind_matched_filter_energy_search,oracle_exact_timing,12000,11372,11372,11372,628,0,0,1.0,SYNTHETIC
random_vectors,random_uniform_-2_2,-2.0,0.45,abs_error_le_0.25,blind_matched_filter_energy_search,existing_nominal_decoder,12000,11372,0,0,628,11372,0,0.0,SYNTHETIC
random_vectors,random_uniform_-2_2,-1.0,0.45,abs_error_le_0.25,blind_matched_filter_energy_search,oracle_exact_timing,12000,11372,11372,11372,628,0,0,1.0,SYNTHETIC
random_vectors,random_uniform_-2_2,-1.0,0.45,abs_error_le_0.25,blind_matched_filter_energy_search,existing_nominal_decoder,12000,11372,3417,3311,522,8061,106,0.0,SYNTHETIC
random_vectors,random_uniform_-2_2,0.0,0.45,abs_error_le_0.25,blind_matched_filter_energy_search,oracle_exact_timing,12000,11366,11366,11366,634,0,0,1.0,SYNTHETIC
random_vectors,random_uniform_-2_2,0.0,0.45,abs_error_le_0.25,blind_matched_filter_energy_search,existing_nominal_decoder,12000,11366,11366,11366,634,0,0,1.0,SYNTHETIC
random_vectors,random_uniform_-2_2,1.0,0.45,abs_error_le_0.25,blind_matched_filter_energy_search,oracle_exact_timing,12000,11406,11406,11406,594,0,0,1.0,SYNTHETIC
random_vectors,random_uniform_-2_2,1.0,0.45,abs_error_le_0.25,blind_matched_filter_energy_search,existing_nominal_decoder,12000,11406,3408,3309,495,8097,99,0.0,SYNTHETIC
random_vectors,random_uniform_-2_2,2.0,0.45,abs_error_le_0.25,blind_matched_filter_energy_search,oracle_exact_timing,12000,11374,11374,11374,626,0,0,1.0,SYNTHETIC
random_vectors,random_uniform_-2_2,2.0,0.45,abs_error_le_0.25,blind_matched_filter_energy_search,existing_nominal_decoder,12000,11374,0,0,626,11374,0,0.0,SYNTHETIC
random_vectors,random_uniform_-2_2,4.0,0.45,abs_error_le_0.25,blind_matched_filter_energy_search,oracle_exact_timing,12000,11370,11370,11370,630,0,0,1.0,SYNTHETIC
random_vectors,random_uniform_-2_2,4.0,0.45,abs_error_le_0.25,blind_matched_filter_energy_search,existing_nominal_decoder,12000,11370,0,0,630,11370,0,0.0,SYNTHETIC
random_vectors,random_uniform_-2_2,8.0,0.45,abs_error_le_0.25,blind_matched_filter_energy_search,oracle_exact_timing,12000,11355,11355,11355,645,0,0,1.0,SYNTHETIC
random_vectors,random_uniform_-2_2,8.0,0.45,abs_error_le_0.25,blind_matched_filter_energy_search,existing_nominal_decoder,12000,11355,0,0,645,11355,0,0.0,SYNTHETIC
random_vectors,random_integer_alphabet_-2..2,-8.0,0.45,abs_error_le_0.25,blind_matched_filter_energy_search,oracle_exact_timing,12000,11349,11349,11349,651,0,0,1.0,SYNTHETIC
random_vectors,random_integer_alphabet_-2..2,-8.0,0.45,abs_error_le_0.25,blind_matched_filter_energy_search,existing_nominal_decoder,12000,11349,0,0,651,11349,0,0.0,SYNTHETIC
random_vectors,random_integer_alphabet_-2..2,-8.0,0.45,round_to_integer_exact,blind_matched_filter_energy_search,oracle_exact_timing,12000,12000,12000,12000,0,0,0,1.0,SYNTHETIC
random_vectors,random_integer_alphabet_-2..2,-8.0,0.45,round_to_integer_exact,blind_matched_filter_energy_search,existing_nominal_decoder,12000,12000,0,0,0,12000,0,0.0,SYNTHETIC
random_vectors,random_integer_alphabet_-2..2,-4.0,0.45,abs_error_le_0.25,blind_matched_filter_energy_search,oracle_exact_timing,12000,11394,11394,11394,606,0,0,1.0,SYNTHETIC
random_vectors,random_integer_alphabet_-2..2,-4.0,0.45,abs_error_le_0.25,blind_matched_filter_energy_search,existing_nominal_decoder,12000,11394,0,0,606,11394,0,0.0,SYNTHETIC
random_vectors,random_integer_alphabet_-2..2,-4.0,0.45,round_to_integer_exact,blind_matched_filter_energy_search,oracle_exact_timing,12000,12000,12000,12000,0,0,0,1.0,SYNTHETIC
random_vectors,random_integer_alphabet_-2..2,-4.0,0.45,round_to_integer_exact,blind_matched_filter_energy_search,existing_nominal_decoder,12000,12000,0,0,0,12000,0,0.0,SYNTHETIC
random_vectors,random_integer_alphabet_-2..2,-2.0,0.45,abs_error_le_0.25,blind_matched_filter_energy_search,oracle_exact_timing,12000,11372,11372,11372,628,0,0,1.0,SYNTHETIC
random_vectors,random_integer_alphabet_-2..2,-2.0,0.45,abs_error_le_0.25,blind_matched_filter_energy_search,existing_nominal_decoder,12000,11372,0,0,628,11372,0,0.0,SYNTHETIC
random_vectors,random_integer_alphabet_-2..2,-2.0,0.45,round_to_integer_exact,blind_matched_filter_energy_search,oracle_exact_timing,12000,12000,12000,12000,0,0,0,1.0,SYNTHETIC
random_vectors,random_integer_alphabet_-2..2,-2.0,0.45,round_to_integer_exact,blind_matched_filter_energy_search,existing_nominal_decoder,12000,12000,0,0,0,12000,0,0.0,SYNTHETIC
random_vectors,random_integer_alphabet_-2..2,-1.0,0.45,abs_error_le_0.25,blind_matched_filter_energy_search,oracle_exact_timing,12000,11358,11358,11358,642,0,0,1.0,SYNTHETIC
random_vectors,random_integer_alphabet_-2..2,-1.0,0.45,abs_error_le_0.25,blind_matched_filter_energy_search,existing_nominal_decoder,12000,11358,1134,1094,602,10264,40,0.0,SYNTHETIC
random_vectors,random_integer_alphabet_-2..2,-1.0,0.45,round_to_integer_exact,blind_matched_filter_energy_search,oracle_exact_timing,12000,12000,12000,12000,0,0,0,1.0,SYNTHETIC
random_vectors,random_integer_alphabet_-2..2,-1.0,0.45,round_to_integer_exact,blind_matched_filter_energy_search,existing_nominal_decoder,12000,12000,11996,11996,0,4,0,0.125,SYNTHETIC
random_vectors,random_integer_alphabet_-2..2,0.0,0.45,abs_error_le_0.25,blind_matched_filter_energy_search,oracle_exact_timing,12000,11319,11319,11319,681,0,0,1.0,SYNTHETIC
random_vectors,random_integer_alphabet_-2..2,0.0,0.45,abs_error_le_0.25,blind_matched_filter_energy_search,existing_nominal_decoder,12000,11319,11319,11319,681,0,0,1.0,SYNTHETIC
random_vectors,random_integer_alphabet_-2..2,0.0,0.45,round_to_integer_exact,blind_matched_filter_energy_search,oracle_exact_timing,12000,12000,12000,12000,0,0,0,1.0,SYNTHETIC
random_vectors,random_integer_alphabet_-2..2,0.0,0.45,round_to_integer_exact,blind_matched_filter_energy_search,existing_nominal_decoder,12000,12000,12000,12000,0,0,0,1.0,SYNTHETIC
random_vectors,random_integer_alphabet_-2..2,1.0,0.45,abs_error_le_0.25,blind_matched_filter_energy_search,oracle_exact_timing,12000,11403,11403,11403,597,0,0,1.0,SYNTHETIC
random_vectors,random_integer_alphabet_-2..2,1.0,0.45,abs_error_le_0.25,blind_matched_filter_energy_search,existing_nominal_decoder,12000,11403,1103,1070,564,10333,33,0.0,SYNTHETIC
random_vectors,random_integer_alphabet_-2..2,1.0,0.45,round_to_integer_exact,blind_matched_filter_energy_search,oracle_exact_timing,12000,12000,12000,12000,0,0,0,1.0,SYNTHETIC
random_vectors,random_integer_alphabet_-2..2,1.0,0.45,round_to_integer_exact,blind_matched_filter_energy_search,existing_nominal_decoder,12000,12000,12000,12000,0,0,0,1.0,SYNTHETIC
random_vectors,random_integer_alphabet_-2..2,2.0,0.45,abs_error_le_0.25,blind_matched_filter_energy_search,oracle_exact_timing,12000,11383,11383,11383,617,0,0,1.0,SYNTHETIC
random_vectors,random_integer_alphabet_-2..2,2.0,0.45,abs_error_le_0.25,blind_matched_filter_energy_search,existing_nominal_decoder,12000,11383,0,0,617,11383,0,0.0,SYNTHETIC
random_vectors,random_integer_alphabet_-2..2,2.0,0.45,round_to_integer_exact,blind_matched_filter_energy_search,oracle_exact_timing,12000,12000,12000,12000,0,0,0,1.0,SYNTHETIC
random_vectors,random_integer_alphabet_-2..2,2.0,0.45,round_to_integer_exact,blind_matched_filter_energy_search,existing_nominal_decoder,12000,12000,0,0,0,12000,0,0.0,SYNTHETIC
random_vectors,random_integer_alphabet_-2..2,4.0,0.45,abs_error_le_0.25,blind_matched_filter_energy_search,oracle_exact_timing,12000,11386,11386,11386,614,0,0,1.0,SYNTHETIC
random_vectors,random_integer_alphabet_-2..2,4.0,0.45,abs_error_le_0.25,blind_matched_filter_energy_search,existing_nominal_decoder,12000,11386,0,0,614,11386,0,0.0,SYNTHETIC
random_vectors,random_integer_alphabet_-2..2,4.0,0.45,round_to_integer_exact,blind_matched_filter_energy_search,oracle_exact_timing,12000,12000,12000,12000,0,0,0,1.0,SYNTHETIC
random_vectors,random_integer_alphabet_-2..2,4.0,0.45,round_to_integer_exact,blind_matched_filter_energy_search,existing_nominal_decoder,12000,12000,0,0,0,12000,0,0.0,SYNTHETIC
random_vectors,random_integer_alphabet_-2..2,8.0,0.45,abs_error_le_0.25,blind_matched_filter_energy_search,oracle_exact_timing,12000,11407,11407,11407,593,0,0,1.0,SYNTHETIC
random_vectors,random_integer_alphabet_-2..2,8.0,0.45,abs_error_le_0.25,blind_matched_filter_energy_search,existing_nominal_decoder,12000,11407,0,0,593,11407,0,0.0,SYNTHETIC
random_vectors,random_integer_alphabet_-2..2,8.0,0.45,round_to_integer_exact,blind_matched_filter_energy_search,oracle_exact_timing,12000,12000,12000,12000,0,0,0,1.0,SYNTHETIC
random_vectors,random_integer_alphabet_-2..2,8.0,0.45,round_to_integer_exact,blind_matched_filter_energy_search,existing_nominal_decoder,12000,12000,0,0,0,12000,0,0.0,SYNTHETIC
