timing_offset_samples,carrier_rotation_deg,measured_own_symbol_gain,phase_only_predicted_gain,abs_gain_gap,clean_mae_nominal,clean_frames_passing_nominal
-32,-720.0,0.5806716604,0.5,0.0806716604,0.5275691164,0
-31,-697.5,0.5435625016,0.476375384,0.0671871177,0.520846575,0
-30,-675.0,0.4198628035,0.3756504775,0.044212326,0.5909085932,0
-29,-652.5,0.2251509602,0.2092800021,0.0158709581,0.7561397042,0
-28,-630.0,-0.0131040106,-0.0,0.0131040106,0.9889995404,0
-27,-607.5,-0.2593933901,-0.2212388593,0.0381545307,1.2508633387,0
-26,-585.0,-0.4754584121,-0.4198446513,0.0556137608,1.4816022761,0
-25,-562.5,-0.6262310403,-0.5629890901,0.0632419502,1.6408355618,0
-24,-540.0,-0.6855037453,-0.625,0.0605037453,1.7017506921,0
-23,-517.5,-0.6404147192,-0.5918603255,0.0485543937,1.6520415673,0
-22,-495.0,-0.4939902816,-0.4640388252,0.0299514565,1.4962436279,0
-21,-472.5,-0.2652684622,-0.2571154311,0.0081530311,1.2555608196,0
-20,-450.0,0.0131040106,0.0,0.0131040106,0.9661356859,0
-19,-427.5,0.2995108922,0.2690742884,0.0304366038,0.6822712913,0
-18,-405.0,0.5495858902,0.508232999,0.0413528912,0.4459843578,0
-17,-382.5,0.7230832579,0.6784740317,0.0446092262,0.3017204544,0
-16,-360.0,0.7903358302,0.75,0.0403358302,0.2637845582,0
-15,-337.5,0.7372669368,0.7073452671,0.0299216697,0.2845724692,0
-14,-315.0,0.5681177597,0.5524271728,0.0156905869,0.4259461806,0
-13,-292.5,0.3053859643,0.3049508602,0.0004351041,0.6764657079,0
-12,-270.0,-0.0131040106,-0.0,0.0131040106,0.9889995404,0
-11,-247.5,-0.3396283942,-0.3169097174,0.0227186768,1.315595456,0
-10,-225.0,-0.6237133683,-0.5966213466,0.0270920217,1.5997064667,0
-9,-202.5,-0.8199354755,-0.7939589733,0.0259765022,1.7947631788,0
-8,-180.0,-0.8951679151,-0.875,0.0201679151,1.8683780504,0
-7,-157.5,-0.8341191544,-0.8228302086,0.0112889457,1.8062726741,0
-6,-135.0,-0.6422452378,-0.6408155205,0.0014297174,1.614766267,0
-5,-112.5,-0.3455034664,-0.3527862892,0.0072828228,1.3203697942,0
-4,-90.0,0.0131040106,0.0,0.0131040106,0.9661356859,0
-3,-67.5,0.3797458963,0.3647451465,0.0150007498,0.6057153479,0
-2,-45.0,0.6978408464,0.6850096943,0.0128311521,0.2947394935,0
-1,-22.5,0.9167876931,0.9094439148,0.0073437783,0.0810581432,6
0,0.0,1.0,1.0,0.0,0.0,6
1,22.5,0.9167876931,0.9094439148,0.0073437783,0.0814934571,6
2,45.0,0.6978408464,0.6850096943,0.0128311521,0.2953073559,0
3,67.5,0.3797458963,0.3647451465,0.0150007498,0.6058925583,0
4,90.0,0.0131040106,0.0,0.0131040106,0.9652637905,0
5,112.5,-0.3455034664,-0.3527862892,0.0072828228,1.3178959683,0
6,135.0,-0.6422452378,-0.6408155205,0.0014297174,1.6106174146,0
7,157.5,-0.8341191544,-0.8228302086,0.0112889457,1.8007389372,0
8,180.0,-0.8951679151,-0.875,0.0201679151,1.8620321202,0
9,202.5,-0.8199354755,-0.7939589733,0.0259765022,1.7884822641,0
10,225.0,-0.6237133683,-0.5966213466,0.0270920217,1.5946032994,0
11,247.5,-0.3396283942,-0.3169097174,0.0227186768,1.3127307232,0
12,270.0,-0.0131040106,-0.0,0.0131040106,0.9897900556,0
13,292.5,0.3053859643,0.3049508602,0.0004351041,0.68216592,0
14,315.0,0.5681177597,0.5524271728,0.0156905869,0.4380521587,0
15,337.5,0.7372669368,0.7073452671,0.0299216697,0.2914381307,0
16,360.0,0.7903358302,0.75,0.0403358302,0.2619694687,0
17,382.5,0.7230832579,0.6784740317,0.0446092262,0.3088133806,0
18,405.0,0.5495858902,0.508232999,0.0413528912,0.4593644279,0
19,427.5,0.2995108922,0.2690742884,0.0304366038,0.6885127406,0
20,450.0,0.0131040106,0.0,0.0131040106,0.9652637905,0
21,472.5,-0.2652684622,-0.2571154311,0.0081530311,1.2484659126,0
22,495.0,-0.4939902816,-0.4640388252,0.0299514565,1.4844733634,0
23,517.5,-0.6404147192,-0.5918603255,0.0485543937,1.6377372587,0
24,540.0,-0.6855037453,-0.625,0.0605037453,1.6864045827,0
25,562.5,-0.6262310403,-0.5629890901,0.0632419502,1.6261906627,0
26,585.0,-0.4754584121,-0.4198446513,0.0556137608,1.4693870086,0
27,607.5,-0.2593933901,-0.2212388593,0.0381545307,1.2433890323,0
28,630.0,-0.0131040106,-0.0,0.0131040106,0.9897900556,0
29,652.5,0.2251509602,0.2092800021,0.0158709581,0.7693890374,0
30,675.0,0.4198628035,0.3756504775,0.044212326,0.608550312,0
31,697.5,0.5435625016,0.476375384,0.0671871177,0.5305377571,0
32,720.0,0.5806716604,0.5,0.0806716604,0.5239389374,0
